{"n":64000,"nodes":2,"steps":10,"init_fun":"gun","wall_time":[17.47803497314453,16.25845503807068,16.05656409263611,15.93744683265686,16.879932165145874,16.889698028564453,17.21132183074951,17.234272003173828],"N":4,"M":2,"irun":3,"m":64000,"worldstep":0,"final_step":10}