{"n":32000,"nodes":1,"steps":10,"init_fun":"gun","wall_time":[6.378453969955444,6.2867209911346436,8.151280879974365,7.063787937164307,8.199680089950562,8.245851039886475,7.001028060913086,7.070900917053223],"N":4,"M":2,"irun":1,"m":32000,"worldstep":0,"final_step":10}