{"n":50000,"nodes":1,"steps":10,"init_fun":"gun","wall_time":[9.771481037139893,8.779483079910278,9.762267112731934,9.27925705909729,9.181169986724854,9.696708917617798,9.271950960159302,9.202853918075562,9.726192951202393,9.795100927352905,8.800523042678833,9.699974060058594,9.332596778869629,9.320214986801147,8.924227952957153,9.309661149978638],"N":4,"M":4,"irun":2,"m":50000,"worldstep":0,"final_step":10}