{"n":16000,"nodes":8,"steps":10,"init_fun":"gun","wall_time":[1.3788630962371826,1.3344759941101074,1.3139419555664062,1.4088869094848633,2.61106014251709,2.6049680709838867,2.7331669330596924,2.6644649505615234,3.278553009033203,3.1721620559692383,3.2641689777374268,3.270909070968628,3.2265920639038086,3.219839096069336,3.15952205657959,3.1876490116119385,2.521340847015381,2.639266014099121,1.9108381271362305,2.731304168701172,2.3640501499176025,3.117384910583496,2.4366519451141357,3.202086925506592,3.0822389125823975,2.9944939613342285,3.089937925338745,3.0832149982452393,1.5481979846954346,1.6116580963134766,1.5597119331359863,1.6086409091949463],"N":8,"M":4,"irun":1,"m":16000,"worldstep":0,"final_step":10}