{"n":64000,"nodes":8,"steps":10,"init_fun":"gun","wall_time":[12.75763201713562,10.9599130153656,11.833652973175049,11.903465032577515,12.799026012420654,12.792119026184082,12.784276008605957,12.75946593284607],"N":4,"M":2,"irun":3,"m":64000,"worldstep":0,"final_step":10}