{"n":64000,"nodes":8,"steps":10,"init_fun":"gun","wall_time":[5.030529975891113,5.037621974945068,4.966606140136719,5.056457996368408,4.982235908508301,4.946238040924072,5.049556016921997,4.735577821731567,4.544255971908569,4.51255989074707,4.567805051803589,4.567850112915039,4.416386842727661,4.494952917098999,4.046397924423218,4.453522205352783,4.874727010726929,4.980697870254517,4.880246877670288,4.965245008468628,5.027004957199097,4.9182350635528564,4.450924873352051,4.584957122802734,4.211536884307861,3.7911291122436523,4.337791919708252,4.278903007507324,4.141971111297607,4.187618017196655,4.074147939682007,4.182344913482666,4.980288982391357,4.944214105606079,4.90301513671875,5.012290954589844,5.00272798538208,4.760289192199707,4.911567211151123,4.7146241664886475,4.5250630378723145,4.501929998397827,4.262963056564331,4.389157056808472,3.618921995162964,4.382987022399902,3.830078125,4.191375017166138,4.831499099731445,4.90776515007019,4.8491621017456055,4.77751612663269,3.8977088928222656,4.8480000495910645,4.852855205535889,4.514341115951538,4.240938186645508,4.466299057006836,3.9791259765625,4.447511911392212,3.977926015853882,4.424329042434692,4.260298013687134,4.4017720222473145],"N":8,"M":8,"irun":4,"m":64000,"worldstep":0,"final_step":10}