{"n":50000,"nodes":2,"steps":10,"init_fun":"gun","wall_time":[11.887789011001587,11.771855115890503,11.117971181869507,11.84186601638794,11.77754020690918,11.197414875030518,11.22282099723816,11.291345119476318],"N":4,"M":2,"irun":4,"m":50000,"worldstep":0,"final_step":10}