{"n":32000,"nodes":4,"steps":10,"init_fun":"gun","wall_time":[3.39382004737854,3.44974684715271,3.2687389850616455,3.46185302734375,3.021683931350708,3.269221067428589,2.9740140438079834,2.944805145263672,2.6949620246887207,2.7959771156311035,2.9186348915100098,3.400739908218384,3.152437925338745,3.218855857849121,3.2867698669433594,3.221708059310913],"N":4,"M":4,"irun":4,"m":32000,"worldstep":0,"final_step":10}