{"n":32000,"nodes":4,"steps":10,"init_fun":"gun","wall_time":[4.728698968887329,4.674431085586548,4.291804075241089,4.707421064376831,4.274493932723999,4.301543951034546,4.746526002883911,4.681707143783569],"N":4,"M":2,"irun":2,"m":32000,"worldstep":0,"final_step":10}