{"n":64000,"nodes":2,"steps":10,"init_fun":"gun","wall_time":[23.928931951522827,25.192784070968628,25.265259981155396,23.719611883163452],"N":2,"M":2,"irun":4,"m":64000,"worldstep":0,"final_step":10}