{"n":32000,"nodes":8,"steps":10,"init_fun":"gun","wall_time":[1.0263969898223877,1.0233781337738037,1.0144860744476318,0.9555838108062744,0.989548921585083,0.9888689517974854,0.9978549480438232,0.9516878128051758,0.9888820648193359,0.9633278846740723,0.9530670642852783,0.952347993850708,0.992063045501709,1.0002131462097168,0.9831979274749756,0.9477279186248779,0.9892578125,0.9889810085296631,0.987835168838501,0.9346630573272705,0.91286301612854,0.9081850051879883,0.903270959854126,0.9283919334411621,0.9166121482849121,0.9162697792053223,0.9174501895904541,0.9336020946502686,0.9625370502471924,0.943289041519165,0.9651660919189453,0.9240400791168213,0.9532771110534668,0.908883810043335,0.9575490951538086,0.9254498481750488,0.869865894317627,0.9037530422210693,0.8448770046234131,0.8935198783874512,0.8972280025482178,0.8871619701385498,0.8572549819946289,0.8955280780792236,0.9092800617218018,0.9285938739776611,0.9401998519897461,0.8660309314727783,0.9312140941619873,0.8647549152374268,0.9230120182037354,0.8651959896087646,0.8568809032440186,0.841500997543335,0.8151090145111084,0.8854649066925049,0.8969910144805908,0.8483860492706299,0.8678410053253174,0.8320801258087158,0.8895671367645264,0.8890759944915771,0.8813538551330566,0.8365480899810791,0.8871438503265381,0.8928320407867432,0.8457059860229492,0.827347993850708,0.8229160308837891,0.8199570178985596,0.8298940658569336,0.8331301212310791,0.8029460906982422,0.8196859359741211,0.8485760688781738,0.8765449523925781,0.8716220855712891,0.8111519813537598,0.8608579635620117,0.8061370849609375,0.8469939231872559,0.7833120822906494,0.7158880233764648,0.782599925994873,0.7755630016326904,0.7726590633392334,0.7443380355834961,0.8058290481567383,0.7910048961639404,0.7998461723327637,0.8318331241607666,0.8236169815063477,0.823951005935669,0.8195610046386719,0.7443280220031738,0.8066558837890625,0.8327028751373291,0.7829961776733398,0.7772181034088135,0.7649760246276855,0.7518391609191895,0.7011559009552002,0.7281041145324707,0.7781779766082764,0.7474031448364258,0.7038760185241699,0.8078281879425049,0.8075249195098877,0.7881639003753662,0.7851009368896484,0.810338020324707,0.7551028728485107,0.7843019962310791,0.7270159721374512,0.7532229423522949,0.7384779453277588,0.7070679664611816,0.6973850727081299,0.7055168151855469,0.7456650733947754,0.7529540061950684,0.7483751773834229,0.7826418876647949,0.7842271327972412,0.779163122177124,0.7424421310424805,0.7831451892852783,0.7577760219573975],"N":16,"M":8,"irun":4,"m":32000,"worldstep":0,"final_step":10}