{"n":24000,"nodes":1,"steps":10,"init_fun":"gun","wall_time":[5.1212310791015625,3.9224820137023926,4.544286012649536,3.996044874191284,5.086029052734375,3.984619140625,4.600461959838867,5.166324853897095,5.780255079269409,6.284930944442749,5.814577102661133,6.397300958633423,5.317406177520752,5.040973901748657,5.086399078369141,4.37443995475769],"N":4,"M":4,"irun":1,"m":24000,"worldstep":0,"final_step":10}