{"n":50000,"nodes":4,"steps":10,"init_fun":"gun","wall_time":[9.412832021713257,9.353587865829468,9.411502122879028,9.312778949737549,9.420393228530884,9.403732061386108,8.759527921676636,8.737628936767578],"N":4,"M":2,"irun":3,"m":50000,"worldstep":0,"final_step":10}