{"n":32000,"nodes":4,"steps":10,"init_fun":"gun","wall_time":[2.352678060531616,2.004378080368042,2.006277084350586,2.3380401134490967,2.3442671298980713,2.2990920543670654,2.3255679607391357,2.3155200481414795,2.3487420082092285,2.056675910949707,2.3880391120910645,2.3402202129364014,2.2933928966522217,2.2916979789733887,2.2767488956451416,2.3413422107696533,2.009243965148926,2.367000102996826,2.323922872543335,2.3683438301086426,2.0181429386138916,2.283540964126587,2.0560150146484375,1.89394211769104,2.2682180404663086,2.3785529136657715,2.0515050888061523,1.693922996520996,2.013629913330078,2.030362844467163,1.9616100788116455,2.0439579486846924],"N":8,"M":4,"irun":2,"m":32000,"worldstep":0,"final_step":10}