{"n":64000,"nodes":4,"steps":10,"init_fun":"gun","wall_time":[15.084191799163818,15.258212089538574,13.227140188217163,14.872309923171997,14.334008932113647,14.414894819259644,15.195681095123291,15.218673944473267],"N":4,"M":2,"irun":2,"m":64000,"worldstep":0,"final_step":10}