{"n":50000,"nodes":1,"steps":10,"init_fun":"gun","wall_time":[9.52255892753601,8.942861080169678,9.458131074905396,9.45860505104065,9.222074031829834,8.942275047302246,9.263772964477539,9.416101932525635,9.270918846130371,9.562526226043701,9.276577949523926,9.293892860412598,9.217895030975342,9.13633918762207,9.562355995178223,9.190197944641113],"N":4,"M":4,"irun":3,"m":50000,"worldstep":0,"final_step":10}