{"n":50000,"nodes":2,"steps":10,"init_fun":"gun","wall_time":[7.504056215286255,7.389375925064087,7.519090890884399,7.0302958488464355,7.467323064804077,7.5683839321136475,7.5146589279174805,7.495577096939087,6.990233898162842,7.060833930969238,6.915478944778442,6.478325128555298,7.565886974334717,7.5633251667022705,7.430490016937256,7.549655914306641],"N":4,"M":4,"irun":4,"m":50000,"worldstep":0,"final_step":10}