{"n":32000,"nodes":8,"steps":10,"init_fun":"gun","wall_time":[1.4141349792480469,1.2421929836273193,1.38047194480896,1.1081030368804932,1.3460559844970703,1.3702740669250488,1.357792854309082,1.2607250213623047,1.057710886001587,1.2066419124603271,1.1897430419921875,1.0694270133972168,1.3326301574707031,1.3369569778442383,1.127357006072998,1.1418499946594238,1.3089160919189453,1.3399770259857178,1.3431050777435303,1.193763017654419,1.2163851261138916,1.0278830528259277,1.147618055343628,1.2533009052276611,1.3017160892486572,1.3148620128631592,1.3440430164337158,1.059823989868164,1.3121740818023682,1.2623088359832764,1.1206140518188477,1.0892980098724365,1.0597879886627197,1.0417790412902832,1.0643608570098877,1.0433030128479004,1.2098000049591064,1.2572898864746094,1.2632560729980469,1.067734956741333,1.1748719215393066,1.193701982498169,1.1900720596313477,1.28220796585083,1.2752289772033691,1.1796081066131592,1.2533140182495117,1.201751947402954,1.139359951019287,1.2731168270111084,1.041996955871582,1.2685449123382568,1.2768340110778809,1.1973838806152344,1.2436449527740479,1.176267147064209,1.0167531967163086,1.2505970001220703,1.2693381309509277,1.2216479778289795,1.1054599285125732,1.239271879196167,1.1141149997711182,1.0329480171203613,1.143578052520752,1.2312650680541992,1.1899240016937256,1.2599031925201416,0.9126110076904297,1.2452399730682373,1.1657559871673584,1.2661159038543701,1.1670241355895996,1.207596778869629,1.2331418991088867,1.2517499923706055,1.0463509559631348,1.0690360069274902,0.9895081520080566,0.8513479232788086,1.1814181804656982,1.1847400665283203,1.195924997329712,1.1949129104614258,1.1814379692077637,0.9798791408538818,1.171511173248291,1.1788320541381836,1.2082209587097168,1.2020719051361084,0.9147210121154785,1.0860669612884521,1.2023489475250244,1.0158569812774658,0.9459857940673828,1.011214017868042,1.1660521030426025,1.184283971786499,1.1658799648284912,1.1626100540161133,1.1783320903778076,0.7755820751190186,1.1316308975219727,0.935966968536377,1.031270980834961,1.1484708786010742,1.1717181205749512,1.1670660972595215,1.0641920566558838,0.7502100467681885,0.9369080066680908,0.928272008895874,1.1477320194244385,1.0786230564117432,0.7964878082275391,1.0848000049591064,1.0777220726013184,1.0168659687042236,1.130676031112671,0.8239090442657471,1.137078046798706,1.1289680004119873,0.9596481323242188,0.9655940532684326,1.0041139125823975,1.0179388523101807,0.9171850681304932,1.0171051025390625],"N":16,"M":8,"irun":3,"m":32000,"worldstep":0,"final_step":10}