{"n":24000,"nodes":1,"steps":10,"init_fun":"gun","wall_time":[3.4017598628997803,3.5528461933135986,3.5670628547668457,3.583928108215332,3.5131711959838867,3.1422219276428223,3.482117176055908,3.5578160285949707,3.5904078483581543,3.506948947906494,2.858128070831299,3.599513053894043,3.0403940677642822,3.06695294380188,3.202599048614502,3.1582109928131104],"N":4,"M":4,"irun":4,"m":24000,"worldstep":0,"final_step":10}