{"n":32000,"nodes":1,"steps":10,"init_fun":"gun","wall_time":[7.121891975402832,7.105798006057739,6.282454013824463,7.0330610275268555,6.78825306892395,6.743886947631836,7.183534145355225,6.611201047897339],"N":4,"M":2,"irun":2,"m":32000,"worldstep":0,"final_step":10}