{"n":64000,"nodes":8,"steps":10,"init_fun":"gun","wall_time":[3.9492568969726562,3.8873679637908936,3.380155086517334,3.915168046951294,3.819122076034546,3.956660032272339,3.9210100173950195,3.4427199363708496,2.9878451824188232,3.137373924255371,3.106489896774292,3.7921111583709717,3.2259860038757324,3.750533103942871,3.8897550106048584,3.6170849800109863,3.916619062423706,3.9330859184265137,3.5491139888763428,3.4859981536865234,3.873372793197632,3.7861859798431396,3.475069999694824,3.335780143737793,3.649604082107544,3.1366751194000244,3.43351411819458,3.525001049041748,3.9001240730285645,3.883178949356079,3.797600030899048,3.1933839321136475,3.9198949337005615,3.4022860527038574,3.7966079711914062,3.376295804977417,3.883949041366577,3.865717887878418,3.8782060146331787,3.5027949810028076,3.3543829917907715,3.368662118911743,3.7298269271850586,3.775635004043579,3.2442169189453125,3.7760419845581055,3.763796091079712,3.3691837787628174,3.2983360290527344,3.633418083190918,3.6781089305877686,3.0490000247955322,3.683928966522217,3.675584077835083,3.2474758625030518,3.733370065689087,2.853682041168213,3.7507901191711426,3.4463210105895996,3.749274969100952,3.568948984146118,3.723978042602539,2.994070053100586,3.683779001235962,2.5517568588256836,3.7271969318389893,3.7480249404907227,3.7593300342559814,3.744297981262207,3.742298126220703,3.7707040309906006,3.3231310844421387,3.7689990997314453,3.7617361545562744,3.7691490650177,3.7825767993927,3.73563814163208,3.2458410263061523,3.6563241481781006,2.923726797103882,3.4010870456695557,3.3514628410339355,3.4136431217193604,2.8680639266967773,3.1107499599456787,3.1477551460266113,3.6321680545806885,3.061324119567871,3.701106071472168,3.389749050140381,3.755302906036377,3.7590818405151367,3.70291805267334,3.484064817428589,3.8271939754486084,3.387208938598633,3.707176923751831,3.7135090827941895,3.7205021381378174,3.6019558906555176,3.7382800579071045,3.3243980407714844,3.759550094604492,3.203511953353882,3.129650115966797,3.103776216506958,3.5959479808807373,3.2152609825134277,3.7192389965057373,3.2698678970336914,3.085318088531494,3.268198013305664,3.6323490142822266,3.14260196685791,3.7203478813171387,3.656522035598755,3.103199005126953,3.5974578857421875,3.6369619369506836,3.6054630279541016,3.53908109664917,3.561899185180664,3.569094181060791,3.509368896484375,3.156057119369507,3.479377031326294,3.592113971710205,3.569079875946045],"N":16,"M":8,"irun":4,"m":64000,"worldstep":0,"final_step":10}