{"n":50000,"nodes":1,"steps":10,"init_fun":"gun","wall_time":[10.049309968948364,10.010029077529907,9.313498973846436,10.167513847351074,11.900441884994507,10.747597217559814,10.797340869903564,10.094645023345947,11.885948896408081,11.841088056564331,11.8056480884552,11.859360933303833,10.299615144729614,11.79157018661499,10.426659107208252,10.815392017364502],"N":4,"M":4,"irun":1,"m":50000,"worldstep":0,"final_step":10}