{"n":32000,"nodes":8,"steps":10,"init_fun":"gun","wall_time":[1.8741810321807861,1.8228449821472168,1.767298936843872,1.5648269653320312,1.893090009689331,1.858557939529419,1.50419282913208,1.7383389472961426,1.7384791374206543,1.8520920276641846,1.8450851440429688,1.3970849514007568,1.4704959392547607,1.3945648670196533,1.4294259548187256,1.4908149242401123,1.8113999366760254,1.7975189685821533,1.3362140655517578,1.7991909980773926,1.7133500576019287,1.8049888610839844,1.773927927017212,1.0180611610412598,1.3566210269927979,1.7065670490264893,1.3767101764678955,1.593346118927002,1.8179090023040771,1.4032330513000488,1.7091829776763916,1.6315979957580566,1.3643698692321777,1.6404080390930176,1.3856680393218994,1.342231035232544,1.0074269771575928,1.3996760845184326,1.4356739521026611,0.9789609909057617,1.0992209911346436,1.70157790184021,1.706691026687622,1.8089189529418945,1.8045320510864258,1.660574197769165,1.077820062637329,1.772845983505249,0.9536898136138916,1.4549570083618164,1.2736849784851074,1.3280038833618164,1.353342056274414,1.3117790222167969,1.099855899810791,1.3213438987731934,1.7655699253082275,1.4286599159240723,1.774467945098877,1.5928049087524414,1.676015853881836,1.6580448150634766,1.705367088317871,1.7655949592590332,1.6782240867614746,1.2592809200286865,1.2690410614013672,1.3690240383148193,1.6449589729309082,1.7497179508209229,1.3594191074371338,1.7198028564453125,1.2097928524017334,1.5763940811157227,1.7549858093261719,1.7425131797790527,1.7626368999481201,1.4790029525756836,1.2952229976654053,1.625837802886963,1.6350829601287842,1.7293128967285156,1.5790750980377197,1.043821096420288,1.447484016418457,1.7293169498443604,1.228882074356079,0.995974063873291,1.3763329982757568,0.9505071640014648,1.6396689414978027,1.6651570796966553,1.422624111175537,1.729630947113037,1.5419151782989502,1.1012599468231201,1.6085100173950195,1.2115120887756348,1.188413143157959,0.9348390102386475,1.1791009902954102,1.083756923675537,0.9031851291656494,1.0208399295806885,1.5261270999908447,1.4587700366973877,1.7242109775543213,1.7015750408172607,1.5579249858856201,1.4335029125213623,1.5224878787994385,1.2997689247131348,1.1068670749664307,0.8621020317077637,0.9004449844360352,0.8981280326843262,0.9393789768218994,1.2031500339508057,0.7164349555969238,1.0222008228302002,1.4404699802398682,1.515058994293213,1.200727939605713,1.3289930820465088,1.4969151020050049,1.5692651271820068,1.4798049926757812,1.4318389892578125],"N":16,"M":8,"irun":2,"m":32000,"worldstep":0,"final_step":10}