{"n":64000,"nodes":2,"steps":10,"init_fun":"gun","wall_time":[16.69198203086853,16.68797516822815,18.612969875335693,18.581857919692993,18.357096195220947,18.474730014801025,16.789878129959106,16.680917978286743],"N":4,"M":2,"irun":1,"m":64000,"worldstep":0,"final_step":10}