{"n":16000,"nodes":4,"steps":10,"init_fun":"gun","wall_time":[0.8273508548736572,0.8275289535522461,1.2686591148376465,1.117563009262085,0.7344281673431396,1.107741117477417,1.3816988468170166,1.3587567806243896,0.96663498878479,1.0273828506469727,1.0850160121917725,0.988090991973877,1.2877588272094727,1.0243759155273438,1.3376719951629639,1.3943350315093994],"N":4,"M":4,"irun":2,"m":16000,"worldstep":0,"final_step":10}