{"n":32000,"nodes":2,"steps":10,"init_fun":"gun","wall_time":[6.599120140075684,6.605870008468628],"N":2,"M":1,"irun":4,"m":32000,"worldstep":0,"final_step":10}