{"n":64000,"nodes":2,"steps":10,"init_fun":"gun","wall_time":[23.011003017425537,23.09738302230835,24.290791988372803,24.339858055114746],"N":2,"M":2,"irun":1,"m":64000,"worldstep":0,"final_step":10}