{"n":50000,"nodes":4,"steps":10,"init_fun":"gun","wall_time":[5.852224826812744,6.147408962249756,6.17720103263855,5.788414001464844,6.186300039291382,5.827733039855957,6.0663371086120605,6.100558042526245,6.09827995300293,5.5741870403289795,6.053225994110107,6.170432806015015,5.855082035064697,5.597630977630615,5.860198020935059,5.88762092590332],"N":4,"M":4,"irun":3,"m":50000,"worldstep":0,"final_step":10}