{"n":16000,"nodes":2,"steps":10,"init_fun":"gun","wall_time":[2.175178050994873,2.480701208114624,2.4207651615142822,2.442807912826538],"N":2,"M":2,"irun":2,"m":16000,"worldstep":0,"final_step":10}