{"n":16000,"nodes":8,"steps":10,"init_fun":"gun","wall_time":[0.9660289287567139,1.0513789653778076,1.0473299026489258,1.0488059520721436,1.0670709609985352,1.0562760829925537,1.0632219314575195,0.955467939376831,0.9516770839691162,0.6832430362701416,1.048454999923706,0.5934770107269287,1.0555808544158936,0.7581751346588135,1.0514910221099854,0.9267518520355225,1.0485939979553223,1.048417091369629,1.0449168682098389,0.9286231994628906,0.9403641223907471,0.9263401031494141,0.9369680881500244,1.0378670692443848,0.8993570804595947,0.6970391273498535,1.032287836074829,0.8026320934295654,0.8029899597167969,0.64935302734375,1.0371758937835693,0.9229140281677246,0.9214859008789062,0.8284540176391602,0.26723480224609375,0.8125839233398438,1.0300579071044922,0.8750121593475342,0.4591810703277588,0.7398650646209717,0.5803248882293701,0.6090731620788574,0.5984070301055908,0.7999169826507568,0.7497289180755615,0.8433780670166016,1.0214018821716309,0.5894980430603027,1.0163159370422363,1.013489007949829,0.8683948516845703,1.0157339572906494,0.8537371158599854,0.7589919567108154,1.0089149475097656,0.8870940208435059,0.9536299705505371,0.8556318283081055,0.6911561489105225,0.5779218673706055,0.7204070091247559,0.7027060985565186,0.8833620548248291,0.831780195236206],"N":8,"M":8,"irun":4,"m":16000,"worldstep":0,"final_step":10}