{"n":64000,"nodes":2,"steps":10,"init_fun":"gun","wall_time":[26.324459075927734,26.200881004333496],"N":2,"M":1,"irun":3,"m":64000,"worldstep":0,"final_step":10}