{"n":32000,"nodes":8,"steps":10,"init_fun":"gun","wall_time":[3.921945095062256,3.9021358489990234,3.513633966445923,3.938072919845581,3.489198923110962,3.485893964767456,3.9193530082702637,3.955233097076416],"N":4,"M":2,"irun":2,"m":32000,"worldstep":0,"final_step":10}