{"n":32000,"nodes":1,"steps":10,"init_fun":"gun","wall_time":[8.568931102752686,8.68958592414856],"N":2,"M":1,"irun":1,"m":32000,"worldstep":0,"final_step":10}