{"n":50000,"nodes":4,"steps":10,"init_fun":"gun","wall_time":[6.505882978439331,5.972538948059082,6.436362028121948,6.127395868301392,6.578927993774414,6.981043100357056,6.890142917633057,5.707975149154663,6.308367967605591,6.427150011062622,6.903342962265015,7.028970956802368,6.898797988891602,5.923511981964111,6.8924970626831055,6.0534141063690186],"N":4,"M":4,"irun":4,"m":50000,"worldstep":0,"final_step":10}