{"n":50000,"nodes":8,"steps":10,"init_fun":"gun","wall_time":[8.978574991226196,7.680116891860962,8.357770919799805,8.346457958221436,8.985820055007935,8.99409294128418,8.962074995040894,8.989991903305054],"N":4,"M":2,"irun":3,"m":50000,"worldstep":0,"final_step":10}