{"n":64000,"nodes":8,"steps":10,"init_fun":"gun","wall_time":[4.2190330028533936,4.230381965637207,4.165833950042725,3.932987928390503,4.2594239711761475,3.8629040718078613,4.1858069896698,4.189423084259033,4.271661043167114,4.181093215942383,4.281254053115845,3.9688022136688232,3.898482084274292,3.9068191051483154,3.9082751274108887,3.6073780059814453,3.9395339488983154,3.9144890308380127,4.199717998504639,3.839407205581665,4.205948829650879,4.155380010604858,4.1852030754089355,3.258229970932007,4.228885889053345,3.6543619632720947,4.1869189739227295,3.4760239124298096,3.580044984817505,3.9168121814727783,3.598008155822754,3.293750047683716,3.9089579582214355,3.5950019359588623,4.14068603515625,3.7918760776519775,4.2470691204071045,4.252388954162598,4.25966215133667,3.9402499198913574,4.20644998550415,4.236032009124756,4.176666021347046,3.647498846054077,3.711164951324463,3.6647121906280518,3.653182029724121,3.743506908416748,4.14123010635376,4.093958854675293,4.039630889892578,4.170505046844482,4.059252977371216,4.088443994522095,4.058290958404541,3.70521879196167,3.416088104248047,3.612950086593628,3.680898904800415,3.644869089126587,3.456990957260132,3.4668288230895996,3.370234966278076,3.3300681114196777,4.144367933273315,4.083778142929077,4.085303068161011,4.120333909988403,4.1522369384765625,3.834357976913452,4.14606499671936,3.778642177581787,3.47267484664917,3.491783857345581,3.797015905380249,3.8313770294189453,4.191190958023071,3.700579881668091,3.5165867805480957,3.458371162414551,4.173616170883179,3.767441987991333,4.08392596244812,3.732219934463501,3.738982915878296,3.8048171997070312,4.071674108505249,3.807905912399292,3.6942930221557617,3.7858991622924805,4.1153600215911865,4.120941162109375,4.056477069854736,3.68790602684021,4.114696979522705,3.6574089527130127,4.07077693939209,3.350921869277954,3.791243076324463,3.1687369346618652,3.537471055984497,3.3850321769714355,3.9062469005584717,3.3671679496765137,4.024477958679199,4.13522481918335,3.7065839767456055,4.064576864242554,3.82249116897583,4.154194116592407,3.734337091445923,3.2142999172210693,3.4821770191192627,3.052177906036377,3.317091941833496,3.617684841156006,3.5535268783569336,3.5172410011291504,3.5364608764648438,3.5719878673553467,3.918368101119995,3.797201156616211,3.635546922683716,3.60479998588562,3.9878132343292236,3.8646531105041504,3.8782830238342285,3.865945816040039],"N":16,"M":8,"irun":2,"m":64000,"worldstep":0,"final_step":10}