{"n":32000,"nodes":8,"steps":10,"init_fun":"gun","wall_time":[2.31665301322937,2.2655298709869385,1.7947230339050293,2.386298894882202,2.343446969985962,2.4219470024108887,2.388775110244751,2.5564630031585693,4.233556032180786,4.265809774398804,4.255367994308472,4.2022881507873535,3.222604990005493,2.7934420108795166,4.104562997817993,4.243635177612305,4.177942991256714,4.187618970870972,4.022467136383057,4.000401020050049,3.99432110786438,4.085824966430664,4.073976993560791,3.246480941772461,3.842210054397583,3.9472429752349854,3.9587388038635254,2.7947120666503906,3.908781051635742,3.925933837890625,3.8579788208007812,3.858484983444214,3.251924991607666,3.234748125076294,2.793165922164917,2.796088933944702,3.4364430904388428,3.8382251262664795,3.276869058609009,3.3589560985565186,3.9031500816345215,3.87497615814209,3.943120002746582,3.270742893218994,3.2775089740753174,3.2744569778442383,3.2156782150268555,3.9155030250549316,3.454935073852539,3.594337224960327,3.5862009525299072,3.9704370498657227,3.8503971099853516,3.867751121520996,3.8595590591430664,3.83266282081604,3.2289130687713623,4.035566091537476,3.3763420581817627,3.50862717628479,3.510910987854004,3.846198081970215,3.809027910232544,3.325657844543457,3.888843059539795,3.932760000228882,4.0170629024505615,3.9445838928222656,3.142336130142212,3.27944278717041,3.195388078689575,3.2040188312530518,3.8382089138031006,3.7659859657287598,3.756019115447998,3.743223190307617,3.90145206451416,3.1550710201263428,3.8433399200439453,3.8366730213165283,3.7875092029571533,3.778585910797119,3.7460570335388184,2.7030670642852783,3.7161738872528076,3.73297381401062,3.772523880004883,3.7779150009155273,3.343397855758667,3.275484085083008,3.409492015838623,3.397226095199585,3.2842578887939453,3.2376461029052734,3.256838083267212,3.1871719360351562,3.8529441356658936,3.857733964920044,3.8370120525360107,2.793703079223633,3.2644948959350586,3.8558340072631836,3.8438851833343506,3.8811140060424805,3.811331033706665,3.2296910285949707,3.2993268966674805,3.2596640586853027,3.325716972351074,2.751055955886841,3.3365318775177,3.8602750301361084,3.809725046157837,3.380251884460449,3.8479909896850586,3.861604928970337,3.8506510257720947,3.906567096710205,3.8422658443450928,3.8390049934387207,2.4237899780273438,2.5360138416290283,2.513674020767212,2.508908987045288,2.705667018890381,2.706886053085327,2.733153820037842,2.7354660034179688],"N":16,"M":8,"irun":1,"m":32000,"worldstep":0,"final_step":10}