{"n":50000,"nodes":8,"steps":10,"init_fun":"gun","wall_time":[8.510092973709106,8.484739065170288,7.148365020751953,8.500558853149414,7.854042053222656,7.842981815338135,8.537709951400757,8.510381937026978],"N":4,"M":2,"irun":2,"m":50000,"worldstep":0,"final_step":10}