{"n":50000,"nodes":1,"steps":10,"init_fun":"gun","wall_time":[12.472282886505127,12.395708084106445,12.533583164215088,11.414358139038086,11.857522964477539,12.455259084701538,11.869062900543213,11.911455154418945],"N":4,"M":2,"irun":4,"m":50000,"worldstep":0,"final_step":10}