{"n":32000,"nodes":1,"steps":10,"init_fun":"gun","wall_time":[8.316725015640259,8.374778985977173],"N":2,"M":1,"irun":3,"m":32000,"worldstep":0,"final_step":10}