{"n":64000,"nodes":4,"steps":10,"init_fun":"gun","wall_time":[15.354438066482544,13.628903150558472,14.61570692062378,14.703321933746338,15.69330883026123,15.738365173339844,15.569978952407837,15.674770832061768],"N":4,"M":2,"irun":3,"m":64000,"worldstep":0,"final_step":10}