{"n":32000,"nodes":8,"steps":10,"init_fun":"gun","wall_time":[1.9425239562988281,1.8014678955078125,1.771799087524414,1.8705699443817139,1.8724420070648193,1.8083221912384033,1.8989520072937012,1.6951358318328857,1.308807134628296,0.9701828956604004,1.0651061534881592,1.0513319969177246,1.3950860500335693,1.4606850147247314,1.01643705368042,1.3389060497283936,1.818099021911621,1.9111549854278564,1.3274509906768799,1.3993349075317383,1.8202271461486816,1.9062631130218506,1.8314440250396729,1.590338945388794,1.2471261024475098,1.4913249015808105,1.7840580940246582,1.5334959030151367,1.8542439937591553,1.8661119937896729,1.8277208805084229,1.3171799182891846,1.9482920169830322,1.535323143005371,1.4809551239013672,1.4749321937561035,1.817121982574463,1.3785769939422607,1.7401008605957031,1.6954429149627686,1.4982740879058838,1.3610150814056396,1.9233360290527344,1.3520350456237793,1.9024078845977783,1.7120871543884277,1.2099359035491943,1.5151970386505127,1.8211500644683838,1.1961300373077393,1.7039570808410645,1.014052152633667,1.778162956237793,1.7472460269927979,1.82069993019104,1.7564730644226074,1.5271449089050293,1.422579050064087,1.5133261680603027,1.5182678699493408,1.4965639114379883,1.3490149974822998,1.4441440105438232,1.218203067779541],"N":8,"M":8,"irun":4,"m":32000,"worldstep":0,"final_step":10}