{"n":64000,"nodes":8,"steps":10,"init_fun":"gun","wall_time":[7.214227914810181,7.222551107406616,7.215151786804199,6.941677808761597,7.220859050750732,7.231919050216675,7.214423894882202,7.225079774856567,7.217869997024536,7.199411153793335,6.636159896850586,7.195707082748413,6.844605922698975,6.892541885375977,7.04159688949585,6.470659971237183,7.112709045410156,6.930430889129639,7.179425001144409,7.205621004104614,7.204635858535767,7.192640066146851,7.186014175415039,6.841968774795532,7.072864055633545,6.985100984573364,7.087815046310425,7.127737998962402,6.991688013076782,6.99940299987793,7.00494384765625,6.999389886856079],"N":8,"M":4,"irun":3,"m":64000,"worldstep":0,"final_step":10}