{"n":24000,"nodes":2,"steps":10,"init_fun":"gun","wall_time":[3.9053778648376465,3.8447229862213135],"N":2,"M":1,"irun":3,"m":24000,"worldstep":0,"final_step":10}