{"n":24000,"nodes":8,"steps":10,"init_fun":"gun","wall_time":[1.8967180252075195,1.590919017791748,2.131103992462158,1.8749959468841553,2.171027898788452,1.869399070739746,1.873629093170166,1.811650037765503,1.5246601104736328,2.1728570461273193,2.149712085723877,1.816965103149414,2.101844072341919,1.8091320991516113,2.093276023864746,2.1295251846313477],"N":4,"M":4,"irun":2,"m":24000,"worldstep":0,"final_step":10}