{"n":24000,"nodes":1,"steps":10,"init_fun":"gun","wall_time":[2.7838499546051025,2.8032398223876953,2.8090150356292725,2.8054258823394775,2.645112991333008,2.812121868133545,2.606309175491333,2.814887046813965,2.792263984680176,2.7358219623565674,2.585124969482422,2.801206111907959,2.715043067932129,2.6734437942504883,2.7426979541778564,2.7356719970703125],"N":4,"M":4,"irun":3,"m":24000,"worldstep":0,"final_step":10}