{"n":24000,"nodes":4,"steps":10,"init_fun":"gun","wall_time":[2.147435188293457,1.988515853881836,2.092841863632202,2.0824670791625977,2.1706628799438477,2.1444339752197266,1.691032886505127,2.1087348461151123,2.152323007583618,2.064000129699707,2.1274828910827637,2.069849967956543,1.6299400329589844,1.6908009052276611,1.4925920963287354,1.7935290336608887],"N":4,"M":4,"irun":4,"m":24000,"worldstep":0,"final_step":10}