{"n":24000,"nodes":16,"steps":10,"init_fun":"gun","wall_time":[1.6309561729431152,1.6813468933105469,1.6522150039672852,1.6487138271331787,1.6514348983764648,1.651244878768921,1.693113088607788,1.648366928100586,1.6654489040374756,1.6832258701324463,1.690270185470581,1.6445868015289307,1.3646860122680664,1.3674309253692627,1.3341100215911865,1.3189139366149902],"N":4,"M":4,"irun":4,"m":24000,"worldstep":0,"final_step":10}