{"n":16000,"nodes":8,"steps":10,"init_fun":"gun","wall_time":[0.8070402145385742,0.7254791259765625,0.8004300594329834,0.7698111534118652,0.7408351898193359,0.7951700687408447,0.7576820850372314,0.7588381767272949,0.7577340602874756,0.7594590187072754,0.757889986038208,0.7506828308105469,0.7825610637664795,0.7862701416015625,0.7492210865020752,0.7291090488433838,0.5716838836669922,0.6032490730285645,0.5942428112030029,0.6342527866363525,0.6722090244293213,0.6869189739227295,0.6722300052642822,0.6749739646911621,0.7294230461120605,0.6922509670257568,0.6460220813751221,0.6925530433654785,0.6715550422668457,0.6917099952697754,0.673098087310791,0.6950030326843262,0.7431249618530273,0.6271650791168213,0.6946499347686768,0.7417900562286377,0.7314279079437256,0.6974849700927734,0.751978874206543,0.7339389324188232,0.7419741153717041,0.703125,0.7467350959777832,0.7001330852508545,0.6126070022583008,0.7207479476928711,0.7187700271606445,0.7248690128326416,0.5130598545074463,0.6082990169525146,0.5712831020355225,0.5719728469848633,0.5502290725708008,0.6465890407562256,0.6151270866394043,0.6357190608978271,0.5820600986480713,0.5555169582366943,0.5959851741790771,0.6355600357055664,0.6074059009552002,0.6292269229888916,0.680670976638794,0.6412339210510254,0.6989729404449463,0.6962590217590332,0.6968061923980713,0.5872328281402588,0.6946530342102051,0.7097349166870117,0.5790340900421143,0.600538969039917,0.5841550827026367,0.6043269634246826,0.6551640033721924,0.7000570297241211,0.6086170673370361,0.5545358657836914,0.527540922164917,0.5336790084838867,0.6608879566192627,0.6862609386444092,0.530195951461792,0.5263562202453613,0.5533609390258789,0.6202859878540039,0.6575331687927246,0.6335580348968506,0.4570620059967041,0.5923278331756592,0.5944621562957764,0.559197187423706,0.6155998706817627,0.6478209495544434,0.612886905670166,0.6361708641052246,0.6494641304016113,0.6320691108703613,0.6231858730316162,0.6456360816955566,0.5625960826873779,0.5776770114898682,0.562129020690918,0.5848250389099121,0.5802860260009766,0.5992369651794434,0.5994541645050049,0.5204250812530518,0.5728278160095215,0.5537271499633789,0.6269738674163818,0.6369118690490723,0.6342430114746094,0.6460790634155273,0.5626621246337891,0.5695388317108154,0.6103000640869141,0.6027591228485107,0.6022720336914062,0.6124918460845947,0.5781989097595215,0.5404369831085205,0.5367460250854492,0.5211620330810547,0.6061909198760986,0.5581250190734863,0.5754959583282471,0.5818579196929932],"N":8,"M":16,"irun":2,"m":16000,"worldstep":0,"final_step":10}