{"n":24000,"nodes":2,"steps":10,"init_fun":"gun","wall_time":[1.9197919368743896,1.848525047302246,2.29525089263916,1.9580390453338623,2.302935838699341,1.746135950088501,2.1479310989379883,2.2536399364471436,2.257650852203369,2.2482221126556396,1.578503131866455,2.324233055114746,2.1921238899230957,2.0441150665283203,1.9559738636016846,2.0011520385742188],"N":4,"M":4,"irun":4,"m":24000,"worldstep":0,"final_step":10}