{"n":64000,"nodes":1,"steps":10,"init_fun":"gun","wall_time":[316.8282001018524,310.85370779037476,307.9942080974579,311.65867495536804,286.2428250312805,285.5746169090271,304.45759296417236,282.7283477783203],"N":4,"M":2,"irun":2,"m":64000,"worldstep":0,"final_step":10}