{"n":24000,"nodes":4,"steps":10,"init_fun":"gun","wall_time":[1.718621015548706,1.5611991882324219,1.7098979949951172,1.5583751201629639,1.6375579833984375,1.5627429485321045,1.6506648063659668,1.5534989833831787,1.731734037399292,1.718991994857788,1.690425157546997,1.629274845123291,1.7030909061431885,1.6123111248016357,1.6219549179077148,1.630167007446289],"N":4,"M":4,"irun":3,"m":24000,"worldstep":0,"final_step":10}