{"n":50000,"nodes":2,"steps":10,"init_fun":"gun","wall_time":[10.960780143737793,11.004791021347046,12.413676023483276,12.444086074829102,12.376095056533813,12.418154954910278,11.060590982437134,11.090993881225586],"N":4,"M":2,"irun":1,"m":50000,"worldstep":0,"final_step":10}