{"n":16000,"nodes":2,"steps":10,"init_fun":"gun","wall_time":[3.2554640769958496,3.191671133041382,4.374190092086792,3.358139991760254],"N":2,"M":2,"irun":1,"m":16000,"worldstep":0,"final_step":10}