{"n":32000,"nodes":2,"steps":10,"init_fun":"gun","wall_time":[7.469694137573242,7.458209037780762,6.884065866470337,7.480272054672241],"N":2,"M":2,"irun":2,"m":32000,"worldstep":0,"final_step":10}