{"n":64000,"nodes":8,"steps":10,"init_fun":"gun","wall_time":[4.345083951950073,4.305808067321777,4.412008047103882,4.198704957962036,3.8934550285339355,4.539917945861816,4.432962894439697,4.4773619174957275,5.897763013839722,6.028337001800537,5.309218168258667,5.191454887390137,6.03787088394165,4.534090995788574,5.95432186126709,5.9540300369262695,4.572494029998779,5.881738185882568,5.2622010707855225,5.960551977157593,5.922423839569092,5.863497972488403,5.223073959350586,4.597436904907227,5.226258039474487,5.087906837463379,4.856086015701294,4.8890039920806885,5.683418035507202,5.2304041385650635,4.711510896682739,5.957628011703491,5.068217992782593,5.977649927139282,5.757167100906372,5.5638909339904785,4.881675958633423,4.868869066238403,5.92233681678772,5.269194841384888,5.938827991485596,5.844054937362671,5.588620901107788,5.695677995681763,4.359183073043823,5.6353960037231445,5.637905836105347,5.821699142456055,5.734512090682983,5.809978008270264,4.432983875274658,5.6597840785980225,4.972871780395508,5.67307710647583,4.839878082275391,5.832492113113403,4.9377281665802,4.468296051025391,4.409873008728027,5.096089124679565,5.042509078979492,5.656271934509277,5.64189600944519,5.640469074249268,4.905587911605835,5.73848295211792,5.053818941116333,5.797025918960571,5.756044864654541,5.7272560596466064,5.6754701137542725,5.709712982177734,4.969896078109741,4.854496002197266,4.305665969848633,5.761541843414307,5.745465040206909,5.085310935974121,4.798951148986816,4.871440172195435,5.69399094581604,5.698257923126221,5.577796936035156,4.846609115600586,4.960859060287476,5.066329002380371,4.879707098007202,5.60124397277832,5.632734060287476,5.646166801452637,5.629689931869507,4.509935140609741,5.595782041549683,4.603518009185791,5.736432075500488,5.683068037033081,5.625726938247681,5.629059076309204,5.643106937408447,5.122100830078125,5.34191107749939,5.3540098667144775,5.719259977340698,5.714954137802124,4.822069883346558,4.8550310134887695,5.153788089752197,5.02278995513916,5.869636058807373,4.520784854888916,5.034817934036255,5.156841993331909,5.798552989959717,5.376525163650513,5.906590938568115,5.830142974853516,5.711065053939819,5.04668402671814,5.727993011474609,5.740697860717773,4.56492805480957,4.427325963973999,4.473184108734131,4.38819694519043,4.596137046813965,4.614914178848267,4.598239898681641,4.6705100536346436],"N":16,"M":8,"irun":1,"m":64000,"worldstep":0,"final_step":10}