{"n":50000,"nodes":8,"steps":10,"init_fun":"gun","wall_time":[5.2390360832214355,5.203232049942017,5.215334892272949,5.2012012004852295,5.734182119369507,5.681259870529175,5.720736980438232,5.630367994308472,5.278300046920776,5.697329044342041,5.673130035400391,5.740525007247925,5.2771079540252686,5.696879148483276,5.673479795455933,5.7465009689331055],"N":4,"M":4,"irun":2,"m":50000,"worldstep":0,"final_step":10}