{"n":16000,"nodes":4,"steps":10,"init_fun":"gun","wall_time":[2.195261001586914,1.6976890563964844,2.1639089584350586,2.213995933532715,3.238513946533203,3.3233208656311035,2.2679319381713867,2.1158480644226074,3.3797359466552734,3.8799099922180176,3.075888156890869,3.6893820762634277,2.3579111099243164,2.3927338123321533,2.321002960205078,2.407869815826416],"N":4,"M":4,"irun":1,"m":16000,"worldstep":0,"final_step":10}