{"n":64000,"nodes":1,"steps":10,"init_fun":"gun","wall_time":[51.922921895980835,51.401796102523804,51.33597779273987,51.3599591255188,52.675761222839355,52.68120813369751,51.54556608200073,51.56424689292908],"N":4,"M":2,"irun":1,"m":64000,"worldstep":0,"final_step":10}