{"n":50000,"nodes":16,"steps":10,"init_fun":"gun","wall_time":[5.726508140563965,5.87748908996582,5.389910936355591,5.886668920516968,5.768231153488159,6.045341968536377,5.155577898025513,6.027278184890747,5.593342065811157,5.612299203872681,5.600359916687012,5.6357409954071045,6.051367998123169,4.949199914932251,4.9281158447265625,6.05253791809082],"N":4,"M":4,"irun":2,"m":50000,"worldstep":0,"final_step":10}