{"n":24000,"nodes":1,"steps":10,"init_fun":"gun","wall_time":[3.046114921569824,3.0684170722961426,3.0019140243530273,3.096759080886841,3.3292460441589355,2.803447961807251,3.313868999481201,3.381748914718628,3.0873770713806152,2.7861552238464355,3.294764995574951,3.261406898498535,3.0786521434783936,3.3413329124450684,3.297880172729492,3.2724051475524902],"N":4,"M":4,"irun":2,"m":24000,"worldstep":0,"final_step":10}