{"n":50000,"nodes":16,"steps":10,"init_fun":"gun","wall_time":[5.34381890296936,5.44116997718811,5.876206874847412,5.523262023925781,6.10164999961853,6.475203037261963,6.044972896575928,6.4846930503845215,6.459693908691406,6.4502341747283936,6.0708839893341064,6.454665899276733,6.434299945831299,4.901335954666138,6.031832933425903,6.475895881652832],"N":4,"M":4,"irun":4,"m":50000,"worldstep":0,"final_step":10}