{"n":64000,"nodes":4,"steps":10,"init_fun":"gun","wall_time":[9.251417875289917,10.400007963180542,10.402528047561646,10.322515964508057,9.234235048294067,9.800885200500488,10.474403142929077,10.283720970153809,10.340683221817017,10.438651084899902,10.391527891159058,10.295263051986694,9.707956075668335,9.765458822250366,9.67246699333191,9.677895069122314],"N":4,"M":4,"irun":2,"m":64000,"worldstep":0,"final_step":10}