{"n":50000,"nodes":1,"steps":10,"init_fun":"gun","wall_time":[12.13720417022705,12.111833095550537,14.018885850906372,13.038142919540405,14.096474885940552,14.087003946304321,13.124672174453735,13.1649751663208],"N":4,"M":2,"irun":1,"m":50000,"worldstep":0,"final_step":10}