{"n":24000,"nodes":2,"steps":10,"init_fun":"gun","wall_time":[3.2731878757476807,3.1938178539276123,3.111140012741089,2.5340170860290527,3.7791337966918945,4.916404962539673,4.919647932052612,4.90273380279541,4.895756959915161,4.786130905151367,4.8222010135650635,4.823846101760864,3.4350099563598633,3.4276299476623535,3.260716199874878,3.3585948944091797],"N":4,"M":4,"irun":1,"m":24000,"worldstep":0,"final_step":10}