{"n":16000,"nodes":8,"steps":10,"init_fun":"gun","wall_time":[1.3561410903930664,1.3423190116882324,1.34552001953125,1.3488359451293945,1.389272928237915,1.491056203842163,1.482285976409912,1.3886609077453613,3.0211610794067383,2.2805697917938232,3.2083868980407715,2.063337802886963,3.1029529571533203,3.0130720138549805,3.017893075942993,3.0055389404296875,2.900212049484253,2.8254361152648926,2.827564001083374,2.571544885635376,2.605597972869873,2.0375289916992188,2.944304943084717,2.896373987197876,2.587416887283325,2.7923529148101807,2.7855429649353027,2.486752986907959,3.142338991165161,2.067780017852783,2.5173749923706055,2.60807204246521,2.4358720779418945,2.422538995742798,2.3989980220794678,2.523940086364746,3.054201126098633,2.67246413230896,3.160468101501465,3.066509962081909,2.5106849670410156,2.441241979598999,3.0094830989837646,2.9611730575561523,2.9917521476745605,2.5462749004364014,2.585657835006714,2.6097137928009033,3.089355945587158,2.9450979232788086,2.916558027267456,2.865842819213867,2.909940004348755,2.6559650897979736,3.08250093460083,3.11836314201355,1.4993999004364014,1.5013329982757568,1.467858076095581,1.603044033050537,1.5852530002593994,1.612684965133667,1.671064853668213,1.672551155090332],"N":8,"M":8,"irun":1,"m":16000,"worldstep":0,"final_step":10}