{"n":50000,"nodes":8,"steps":10,"init_fun":"gun","wall_time":[8.463344097137451,8.505092144012451,9.785248041152954,9.750699996948242,9.700988054275513,9.696049928665161,8.66557788848877,8.705144166946411],"N":4,"M":2,"irun":1,"m":50000,"worldstep":0,"final_step":10}