{"n":32000,"nodes":8,"steps":10,"init_fun":"gun","wall_time":[2.001392126083374,2.0132179260253906,2.398171901702881,2.097632884979248,1.8099610805511475,1.6996870040893555,1.8771049976348877,1.9396789073944092,2.5775890350341797,1.967061996459961,4.057482004165649,3.3743481636047363,3.714308023452759,3.2643399238586426,2.519860029220581,3.9803481101989746,3.193887948989868,4.00227689743042,3.9528188705444336,3.1442699432373047,2.5860860347747803,3.212938070297241,3.918977975845337,3.2731142044067383,4.017982006072998,3.861767053604126,3.8202080726623535,3.792725086212158,2.0151679515838623,3.229123115539551,3.2448019981384277,3.3231070041656494,3.9140419960021973,3.1930739879608154,3.0118889808654785,2.995729923248291,3.042388916015625,2.648542881011963,3.857490062713623,3.8965771198272705,3.1761460304260254,3.8269498348236084,3.884803056716919,3.804108142852783,3.8358519077301025,3.71055006980896,3.1913111209869385,3.184767961502075,3.8780548572540283,3.8672921657562256,3.818958044052124,3.7863430976867676,3.7581019401550293,3.7599658966064453,3.2990500926971436,3.913944959640503,2.5907020568847656,2.511404037475586,2.5370349884033203,2.1677801609039307,1.9848520755767822,2.6814699172973633,2.745750904083252,2.616250991821289],"N":8,"M":8,"irun":1,"m":32000,"worldstep":0,"final_step":10}