{"n":32000,"nodes":2,"steps":10,"init_fun":"gun","wall_time":[5.590018033981323,5.487738847732544,7.242058038711548,6.2135491371154785,7.2645180225372314,7.209059000015259,6.252162933349609,6.240286827087402],"N":4,"M":2,"irun":1,"m":32000,"worldstep":0,"final_step":10}