{"n":24000,"nodes":8,"steps":10,"init_fun":"gun","wall_time":[2.470231056213379,3.051992893218994,2.3269059658050537,3.294218063354492,4.648951053619385,3.0528340339660645,3.904114007949829,3.179641008377075,4.5539679527282715,4.122683048248291,4.6197710037231445,4.574975967407227,3.28056001663208,3.3285510540008545,3.265378952026367,3.3288159370422363],"N":4,"M":4,"irun":1,"m":24000,"worldstep":0,"final_step":10}