{"n":50000,"nodes":4,"steps":10,"init_fun":"gun","wall_time":[5.702414035797119,5.712399959564209,5.730236053466797,5.675336837768555,5.728111028671265,6.214329957962036,6.142657041549683,6.135871887207031,6.147756099700928,5.718086004257202,6.109689950942993,6.184728145599365,6.149160861968994,6.162675142288208,6.174208879470825,6.16767692565918],"N":4,"M":4,"irun":2,"m":50000,"worldstep":0,"final_step":10}