{"n":32000,"nodes":8,"steps":10,"init_fun":"gun","wall_time":[2.1309971809387207,2.1048591136932373,1.8054888248443604,2.0576541423797607,1.9893360137939453,2.141749858856201,2.0867321491241455,2.0466737747192383,2.0516281127929688,1.8332538604736328,1.5098819732666016,2.138232946395874,2.044835090637207,1.7765460014343262,2.1112029552459717,1.821671962738037,1.7834970951080322,1.7615430355072021,2.121790885925293,1.6903951168060303,2.141633987426758,2.0890750885009766,1.7048218250274658,2.0441439151763916,2.1018121242523193,2.119314193725586,2.072176933288574,1.9743101596832275,1.7445130348205566,2.0889198780059814,1.7545628547668457,1.7501189708709717],"N":8,"M":4,"irun":2,"m":32000,"worldstep":0,"final_step":10}