{"n":64000,"nodes":4,"steps":10,"init_fun":"gun","wall_time":[13.791378021240234,15.02993893623352,14.895068883895874,15.106973886489868,13.514559030532837,14.51044511795044,14.247434139251709,14.30666184425354],"N":4,"M":2,"irun":4,"m":64000,"worldstep":0,"final_step":10}