{"n":64000,"nodes":2,"steps":10,"init_fun":"gun","wall_time":[25.42495894432068,24.060123920440674,25.31390905380249,23.949826955795288],"N":2,"M":2,"irun":3,"m":64000,"worldstep":0,"final_step":10}