{"n":50000,"nodes":8,"steps":10,"init_fun":"gun","wall_time":[8.103876113891602,8.05945897102356,8.095385074615479,8.110640048980713,8.112260818481445,8.11111307144165,7.50254487991333,7.507007122039795],"N":4,"M":2,"irun":4,"m":50000,"worldstep":0,"final_step":10}