{"n":16000,"nodes":2,"steps":10,"init_fun":"gun","wall_time":[2.0642850399017334,2.043138027191162],"N":2,"M":1,"irun":4,"m":16000,"worldstep":0,"final_step":10}