{"n":50000,"nodes":4,"steps":10,"init_fun":"gun","wall_time":[9.14692211151123,9.131919860839844,9.6895010471344,9.681868076324463,9.734180212020874,9.758914947509766,8.530751943588257,9.663136959075928],"N":4,"M":2,"irun":4,"m":50000,"worldstep":0,"final_step":10}