{"n":16000,"nodes":8,"steps":10,"init_fun":"gun","wall_time":[1.466520071029663,1.633944034576416,1.352315902709961,1.230329990386963,1.6247808933258057,1.4469640254974365,1.607818841934204,1.6223368644714355,1.6196999549865723,1.615372896194458,1.6128020286560059,1.6174941062927246,1.4364430904388428,1.2646780014038086,1.603667974472046,1.4606940746307373,1.283134937286377,1.2790710926055908,1.3479249477386475,1.238022804260254,1.4403460025787354,1.2653679847717285,1.3276820182800293,1.445451021194458,1.5864508152008057,1.5875980854034424,1.45261812210083,1.4214439392089844,1.2771339416503906,1.4301121234893799,1.4668798446655273,1.4600069522857666,1.5743448734283447,1.4128148555755615,1.5711750984191895,1.4462871551513672,1.4478211402893066,1.5679831504821777,1.4179480075836182,1.3277881145477295,1.065803050994873,1.1553230285644531,1.2559010982513428,1.4332971572875977,1.4380559921264648,1.2067689895629883,1.349355936050415,1.1962130069732666,1.3853919506072998,1.3877110481262207,1.387699842453003,1.2612988948822021,1.3975539207458496,1.2301270961761475,1.5461220741271973,1.5447230339050293,1.5396111011505127,1.3318018913269043,1.5135979652404785,1.2933461666107178,1.4014780521392822,1.2167131900787354,1.356698989868164,1.3492209911346436,1.3930480480194092,1.529249906539917,1.390934944152832,1.5233838558197021,1.5270910263061523,1.4005529880523682,1.3490989208221436,1.3544888496398926,1.2077560424804688,1.1492772102355957,0.9150600433349609,1.405790090560913,1.4654500484466553,1.1521260738372803,1.2458410263061523,1.1676170825958252,1.3259131908416748,1.181178092956543,1.2688648700714111,1.130629062652588,1.2569429874420166,1.065891981124878,1.1294159889221191,1.1990749835968018,1.3370230197906494,1.3517870903015137,1.452561855316162,1.3082389831542969,1.1847190856933594,1.207869052886963,1.4880650043487549,1.2018098831176758,1.3298261165618896,1.4814279079437256,1.2785320281982422,1.3263249397277832,1.2620069980621338,1.478092908859253,1.2863569259643555,1.3422150611877441,1.202937126159668,1.3040461540222168,1.0656208992004395,1.2738611698150635,1.4628658294677734,1.3358089923858643,1.2809419631958008,1.1955070495605469,1.1641340255737305,1.002816915512085,1.2170741558074951,0.9509100914001465,1.1204979419708252,0.9940981864929199,1.1703698635101318,1.0242178440093994,1.331583023071289,1.4458210468292236,1.3092150688171387,1.2778971195220947,1.1320807933807373,1.107715129852295,1.2526919841766357,1.131195068359375],"N":8,"M":16,"irun":4,"m":16000,"worldstep":0,"final_step":10}