{"n":64000,"nodes":4,"steps":10,"init_fun":"gun","wall_time":[10.751999139785767,10.402912855148315,10.303329944610596,9.919854879379272,12.050597190856934,11.993968963623047,12.009720802307129,11.896887063980103,11.830854892730713,11.905849933624268,11.926755905151367,11.957098960876465,10.795042991638184,10.483743906021118,10.315834999084473,9.83073902130127],"N":4,"M":4,"irun":1,"m":64000,"worldstep":0,"final_step":10}