{"n":32000,"nodes":4,"steps":10,"init_fun":"gun","wall_time":[4.9961769580841064,4.9366090297698975,4.462813854217529,4.964593887329102,4.294848918914795,4.33213996887207,4.973284006118774,4.751113176345825],"N":4,"M":2,"irun":4,"m":32000,"worldstep":0,"final_step":10}