{"n":32000,"nodes":2,"steps":10,"init_fun":"gun","wall_time":[5.421597957611084,4.910595893859863,5.12800407409668,5.1128950119018555,5.40493106842041,5.359086036682129,5.265911817550659,5.30454683303833],"N":4,"M":2,"irun":3,"m":32000,"worldstep":0,"final_step":10}