{"n":24000,"nodes":2,"steps":10,"init_fun":"gun","wall_time":[4.764998912811279,4.6990649700164795],"N":2,"M":1,"irun":1,"m":24000,"worldstep":0,"final_step":10}