{"n":64000,"nodes":4,"steps":10,"init_fun":"gun","wall_time":[9.999762058258057,9.988576889038086,9.898372173309326,9.888500928878784,9.261045932769775,9.887413024902344,9.972571849822998,9.416574001312256,9.828529119491577,9.981046915054321,9.947958946228027,9.927084922790527,9.362750053405762,9.316518068313599,9.301756858825684,9.292454957962036],"N":4,"M":4,"irun":4,"m":64000,"worldstep":0,"final_step":10}