{"n":64000,"nodes":2,"steps":10,"init_fun":"gun","wall_time":[26.96655297279358,27.015371084213257],"N":2,"M":1,"irun":1,"m":64000,"worldstep":0,"final_step":10}