{"n":32000,"nodes":4,"steps":10,"init_fun":"gun","wall_time":[3.67197585105896,3.1070308685302734,3.6374380588531494,3.0522570610046387,3.7322769165039062,2.7869110107421875,3.4138989448547363,2.8249258995056152,3.2603819370269775,3.144160032272339,3.733466863632202,3.2155210971832275,3.57389497756958,3.0100979804992676,3.5194599628448486,3.2084648609161377],"N":4,"M":4,"irun":2,"m":32000,"worldstep":0,"final_step":10}