{"n":32000,"nodes":1,"steps":10,"init_fun":"gun","wall_time":[7.564307928085327,7.5416579246521],"N":2,"M":1,"irun":4,"m":32000,"worldstep":0,"final_step":10}