{"n":32000,"nodes":4,"steps":10,"init_fun":"gun","wall_time":[5.8550169467926025,5.746181011199951,5.392970085144043,5.533267021179199,6.306674957275391,7.0364720821380615,5.857987880706787,5.7759740352630615],"N":4,"M":2,"irun":1,"m":32000,"worldstep":0,"final_step":10}