{"n":24000,"nodes":4,"steps":10,"init_fun":"gun","wall_time":[2.7483060359954834,2.3562259674072266,2.409759044647217,2.3265891075134277,4.442864179611206,3.729400157928467,3.0870110988616943,4.46445107460022,4.418812990188599,3.794893980026245,4.493397951126099,4.386322021484375,3.0463778972625732,3.0489518642425537,2.9876091480255127,3.006197929382324],"N":4,"M":4,"irun":1,"m":24000,"worldstep":0,"final_step":10}