{"n":32000,"nodes":8,"steps":10,"init_fun":"gun","wall_time":[3.832736015319824,3.817214012145996,3.747375011444092,3.8327131271362305,3.782528877258301,3.7819368839263916,3.437309980392456,3.3931779861450195],"N":4,"M":2,"irun":4,"m":32000,"worldstep":0,"final_step":10}