{"n":50000,"nodes":4,"steps":10,"init_fun":"gun","wall_time":[9.55656886100769,9.509850978851318,11.124024152755737,11.023173093795776,11.123417854309082,10.180907011032104,9.791308164596558,9.770631790161133],"N":4,"M":2,"irun":1,"m":50000,"worldstep":0,"final_step":10}