{"n":64000,"nodes":8,"steps":10,"init_fun":"gun","wall_time":[5.398458957672119,5.318684816360474,5.252609968185425,5.266282081604004,5.266510963439941,5.301301956176758,4.414682149887085,5.761501789093018,7.082396030426025,7.108587026596069,7.1007490158081055,6.984501123428345,6.820719003677368,5.1395790576934814,5.14165186882019,6.966446161270142,6.257240056991577,6.249068975448608,6.250946044921875,6.134674072265625,6.240499019622803,6.126641035079956,5.829284906387329,7.122768878936768,6.285079002380371,7.0746519565582275,7.015130996704102,7.173151016235352,7.004762172698975,6.988824129104614,6.9444990158081055,6.359607934951782,7.097672939300537,7.019063234329224,6.973461866378784,7.090002059936523,6.962033033370972,6.877097845077515,6.380568981170654,6.2635369300842285,6.979434013366699,6.988133907318115,6.939422130584717,6.241469860076904,6.118173122406006,5.723789215087891,5.622895002365112,7.057239055633545,6.9916160106658936,6.9726269245147705,6.931107997894287,6.8700621128082275,6.9376630783081055,6.875578880310059,6.418181896209717,7.056062936782837,5.455749034881592,5.532253980636597,5.478085994720459,5.568986892700195,5.589478969573975,5.634397029876709,5.701723098754883,5.863602161407471],"N":8,"M":8,"irun":1,"m":64000,"worldstep":0,"final_step":10}