{"n":64000,"nodes":8,"steps":10,"init_fun":"gun","wall_time":[5.167723894119263,5.175887107849121,5.034750938415527,5.140394926071167,5.110742092132568,4.7736170291900635,5.12148904800415,5.140506982803345,4.761708974838257,5.156588792800903,4.712587118148804,5.182302951812744,5.08548903465271,4.701835870742798,5.110850095748901,4.773267030715942,5.109566926956177,5.162919998168945,5.012984037399292,4.615832090377808,5.142973899841309,4.5464768409729,5.077880859375,4.576446056365967,4.943092107772827,4.831298828125,4.939827919006348,4.97476601600647,4.950114011764526,4.10090708732605,4.91207218170166,4.943274974822998,5.1430439949035645,4.74768590927124,5.102748870849609,4.8259828090667725,4.5866310596466064,4.167467832565308,5.033785820007324,4.750103950500488,5.113458871841431,5.098603963851929,5.099695920944214,4.573351144790649,5.166569948196411,4.977739095687866,5.090801954269409,4.654042959213257,5.007630109786987,5.047553062438965,5.016531944274902,3.8232669830322266,4.94163703918457,4.507642030715942,5.065129041671753,5.0844361782073975,4.748357057571411,4.6581079959869385,4.594042062759399,4.660295009613037,4.326919078826904,4.313964128494263,4.445234775543213,4.409560918807983],"N":8,"M":8,"irun":2,"m":64000,"worldstep":0,"final_step":10}