{"n":50000,"nodes":1,"steps":10,"init_fun":"gun","wall_time":[10.330965995788574,10.18501901626587,10.201656103134155,9.638150930404663,10.242580890655518,9.809643030166626,10.29964017868042,9.325169086456299,9.841922044754028,10.28754997253418,10.289931058883667,10.298686027526855,9.729914903640747,9.716129064559937,9.116622924804688,9.263983011245728],"N":4,"M":4,"irun":4,"m":50000,"worldstep":0,"final_step":10}