{"n":64000,"nodes":4,"steps":10,"init_fun":"gun","wall_time":[13.57520604133606,13.47841501235962,15.08567190170288,15.131556987762451,15.115980863571167,15.10342288017273,13.725965023040771,13.726496934890747],"N":4,"M":2,"irun":1,"m":64000,"worldstep":0,"final_step":10}