{"n":16000,"nodes":2,"steps":10,"init_fun":"gun","wall_time":[1.7614219188690186,1.319136142730713,1.764146089553833,1.7086191177368164,1.788464069366455,1.616595983505249,1.4244139194488525,1.4187190532684326],"N":4,"M":2,"irun":4,"m":16000,"worldstep":0,"final_step":10}