{"n":64000,"nodes":8,"steps":10,"init_fun":"gun","wall_time":[3.499307155609131,3.2671728134155273,3.4033970832824707,3.2995309829711914,3.3953042030334473,3.4889369010925293,3.4550490379333496,3.320801019668579,3.415677070617676,3.3023200035095215,3.3964078426361084,3.406075954437256,3.381129026412964,3.449779987335205,3.481926918029785,3.4147069454193115,3.479416847229004,3.490320920944214,3.3608460426330566,3.476522922515869,3.2916009426116943,3.1970760822296143,3.2349910736083984,3.239414930343628,3.367155075073242,3.386746883392334,3.2171878814697266,3.2601568698883057,3.20178484916687,3.442633867263794,3.344249963760376,3.224126100540161,3.453191041946411,3.4501969814300537,3.2739739418029785,3.337440013885498,3.3707361221313477,3.276475191116333,3.362617015838623,3.3834238052368164,3.210775136947632,3.0426859855651855,3.246325969696045,3.1451079845428467,2.865818977355957,3.4247329235076904,3.2238659858703613,3.2254459857940674,3.293466091156006,3.0209829807281494,3.1099629402160645,3.132460117340088,3.1086440086364746,2.966780185699463,3.152674913406372,3.3102898597717285,3.2721149921417236,3.269123077392578,3.1423208713531494,3.302048921585083,3.296295166015625,3.298034906387329,3.144829034805298,3.019960880279541,3.2950899600982666,3.0026447772979736,3.144690990447998,3.1938109397888184,3.226724863052368,2.9890518188476562,3.2395739555358887,3.3751871585845947,3.356998920440674,3.3751261234283447,3.2822132110595703,3.362544059753418,3.3400490283966064,3.32485294342041,3.0635569095611572,3.122879981994629,3.341062068939209,3.12791109085083,3.1981711387634277,2.9877779483795166,3.199810028076172,3.162076950073242,3.2296290397644043,3.0808260440826416,3.076240062713623,3.0579631328582764,3.355699062347412,3.3426129817962646,3.0532360076904297,3.1066479682922363,3.144106149673462,3.126981019973755,3.190338134765625,3.0060620307922363,3.108569860458374,3.0738749504089355,3.0946221351623535,3.2094149589538574,3.2723259925842285,3.0381529331207275,2.833110809326172,2.9778170585632324,3.233069896697998,3.226830005645752,3.0223019123077393,3.0354201793670654,2.9635441303253174,3.002656936645508,3.2245309352874756,3.0607450008392334,3.0842108726501465,3.002201795578003,3.0161359310150146,3.1449999809265137,3.1769750118255615,3.106168031692505,3.1532039642333984,2.9962289333343506,3.1622109413146973,3.2254440784454346,3.2146670818328857,3.2253079414367676,3.2252211570739746,3.132028102874756],"N":16,"M":8,"irun":3,"m":64000,"worldstep":0,"final_step":10}