{"n":32000,"nodes":8,"steps":10,"init_fun":"gun","wall_time":[2.3144359588623047,2.238708972930908,2.309973955154419,2.3547799587249756,3.4565999507904053,2.9135050773620605,4.331037998199463,4.4109320640563965,3.4284889698028564,4.224529981613159,3.49536395072937,3.4122910499572754,4.2327258586883545,4.226009130477905,3.169337034225464,4.310088157653809,4.141263008117676,4.074438095092773,4.20685887336731,4.11050009727478,3.575911045074463,3.651520013809204,3.6969661712646484,3.6896770000457764,4.3586039543151855,4.24950098991394,3.662973165512085,4.383089065551758,2.8353090286254883,2.7090108394622803,2.868381977081299,2.8394789695739746],"N":8,"M":4,"irun":1,"m":32000,"worldstep":0,"final_step":10}