{"n":32000,"nodes":2,"steps":10,"init_fun":"gun","wall_time":[6.70589280128479,6.722454071044922],"N":2,"M":1,"irun":2,"m":32000,"worldstep":0,"final_step":10}
