{"n":32000,"nodes":8,"steps":10,"init_fun":"gun","wall_time":[1.6262879371643066,1.6107509136199951,1.509828805923462,1.538909912109375,1.6068050861358643,1.6152839660644531,1.615710973739624,1.5468251705169678,1.6109771728515625,1.6028590202331543,1.613373041152954,1.532289981842041,1.6033949851989746,1.6097829341888428,1.4889228343963623,1.6064507961273193,1.6048049926757812,1.5983550548553467,1.604668140411377,1.5275828838348389,1.5888121128082275,1.5861968994140625,1.6042659282684326,1.598567008972168,1.577977180480957,1.5836219787597656,1.5989279747009277,1.599397897720337,1.5517988204956055,1.3585009574890137,1.5442969799041748,1.5528309345245361],"N":8,"M":4,"irun":3,"m":32000,"worldstep":0,"final_step":10}