{"n":50000,"nodes":8,"steps":10,"init_fun":"gun","wall_time":[5.974777936935425,5.902606964111328,6.028570890426636,6.007076978683472,6.021634101867676,5.955296039581299,5.985270023345947,5.581212043762207,6.02886700630188,5.95592999458313,5.8540358543396,5.581614017486572,5.445662021636963,5.402896165847778,5.398352861404419,5.55462908744812],"N":4,"M":4,"irun":4,"m":50000,"worldstep":0,"final_step":10}