{"n":64000,"nodes":4,"steps":10,"init_fun":"gun","wall_time":[10.491565942764282,10.594449043273926,10.427767992019653,9.438224077224731,10.060825109481812,9.89847993850708,10.080569982528687,9.630762815475464,10.510739088058472,10.622728824615479,10.61258602142334,9.194140911102295,9.817788124084473,9.898941040039062,10.480457067489624,9.971484899520874],"N":4,"M":4,"irun":3,"m":64000,"worldstep":0,"final_step":10}