{"n":50000,"nodes":2,"steps":10,"init_fun":"gun","wall_time":[11.54861307144165,11.566931962966919,10.86562180519104,11.637550115585327,10.840008974075317,10.733137130737305,11.532978773117065,11.720602989196777],"N":4,"M":2,"irun":2,"m":50000,"worldstep":0,"final_step":10}