{"n":64000,"nodes":8,"steps":10,"init_fun":"gun","wall_time":[7.115922927856445,7.108011960983276,6.987090110778809,6.951391935348511,7.1546080112457275,7.062700033187866,7.065716981887817,6.506394863128662,7.1074299812316895,7.072187185287476,6.969389915466309,7.08074688911438,6.751374959945679,6.773627042770386,6.907059907913208,5.9953789710998535,6.99214506149292,7.041054010391235,7.083721876144409,7.149598121643066,7.049193859100342,7.149755001068115,6.4112560749053955,6.9235100746154785,6.977383136749268,6.899152040481567,6.913163185119629,5.806502819061279,6.435739994049072,6.421576023101807,6.4404871463775635,6.533957004547119],"N":8,"M":4,"irun":4,"m":64000,"worldstep":0,"final_step":10}