{"n":24000,"nodes":16,"steps":10,"init_fun":"gun","wall_time":[2.3183348178863525,2.1435091495513916,2.1509828567504883,2.3631060123443604,2.987165927886963,2.98549485206604,2.7431771755218506,3.4215340614318848,4.159425973892212,3.6321749687194824,4.242236137390137,4.1846089363098145,3.0153391361236572,2.988492012023926,2.9880948066711426,2.98502779006958],"N":4,"M":4,"irun":1,"m":24000,"worldstep":0,"final_step":10}