{"n":16000,"nodes":2,"steps":10,"init_fun":"gun","wall_time":[1.9894061088562012,2.038038969039917],"N":2,"M":1,"irun":3,"m":16000,"worldstep":0,"final_step":10}