{"n":32000,"nodes":8,"steps":10,"init_fun":"gun","wall_time":[2.259178876876831,2.172963857650757,2.2224419116973877,1.8095171451568604,2.1856729984283447,2.25131893157959,2.122284173965454,1.7971510887145996,2.1587328910827637,2.1759259700775146,2.2460949420928955,1.8558149337768555,2.1098248958587646,1.8003108501434326,2.1411190032958984,2.188732147216797,2.1200318336486816,1.429232120513916,2.239454984664917,2.1809518337249756,1.9160470962524414,1.8193268775939941,1.9160280227661133,1.844146966934204,2.182831048965454,2.236659049987793,2.188106060028076,1.8796069622039795,1.8715529441833496,1.7535500526428223,1.5657529830932617,1.5358738899230957],"N":8,"M":4,"irun":4,"m":32000,"worldstep":0,"final_step":10}