{"n":24000,"nodes":8,"steps":10,"init_fun":"gun","wall_time":[1.6194310188293457,1.6146180629730225,1.6191391944885254,1.6210980415344238,1.6111879348754883,1.5971269607543945,1.606510877609253,1.6050140857696533,1.5968449115753174,1.5943188667297363,1.617182970046997,1.6129059791564941,1.5320138931274414,1.5129671096801758,1.5329468250274658,1.539654016494751],"N":4,"M":4,"irun":3,"m":24000,"worldstep":0,"final_step":10}