{"n":32000,"nodes":2,"steps":10,"init_fun":"gun","wall_time":[5.106698989868164,5.110740900039673,4.629686117172241,5.115072011947632,5.0422868728637695,5.117527961730957,4.534843921661377,4.6308300495147705],"N":4,"M":2,"irun":2,"m":32000,"worldstep":0,"final_step":10}