{"n":16000,"nodes":8,"steps":10,"init_fun":"gun","wall_time":[0.4577491283416748,0.43210721015930176,0.44446778297424316,0.4419279098510742,0.4411630630493164,0.44108104705810547,0.4555950164794922,0.42200803756713867,0.45197010040283203,0.4458467960357666,0.4546198844909668,0.39652180671691895,0.44672203063964844,0.4543430805206299,0.44678807258605957,0.4219520092010498,0.447009801864624,0.44766712188720703,0.4436299800872803,0.4014458656311035,0.4462869167327881,0.446256160736084,0.45308518409729004,0.4332571029663086,0.44229698181152344,0.4463620185852051,0.4450991153717041,0.4382169246673584,0.4028031826019287,0.39356493949890137,0.4044158458709717,0.4187159538269043],"N":8,"M":4,"irun":4,"m":16000,"worldstep":0,"final_step":10}