{"n":64000,"nodes":8,"steps":10,"init_fun":"gun","wall_time":[6.920372009277344,7.657232999801636,6.8218910694122314,6.99825382232666,7.649343013763428,7.618319988250732,6.70821213722229,9.211132049560547,8.423030138015747,7.489647150039673,9.25011420249939,8.408559083938599,9.156691074371338,9.101059913635254,8.28208589553833,8.327075958251953,9.10280704498291,9.139972925186157,8.152526140213013,9.220814943313599,9.118297100067139,8.302410125732422,8.189235925674438,9.139684200286865,9.041493892669678,9.027904033660889,9.144232034683228,9.001558065414429,6.87131404876709,7.758299112319946,7.486467123031616,7.308347940444946],"N":8,"M":4,"irun":1,"m":64000,"worldstep":0,"final_step":10}