{"n":16000,"nodes":2,"steps":10,"init_fun":"gun","wall_time":[1.5913820266723633,1.587852954864502,1.5995349884033203,1.5183019638061523,1.5179598331451416,1.490954875946045,1.4378859996795654,1.3202221393585205],"N":4,"M":2,"irun":3,"m":16000,"worldstep":0,"final_step":10}