{"n":16000,"nodes":2,"steps":10,"init_fun":"gun","wall_time":[2.3451948165893555,2.289163112640381,4.002994060516357,3.9329679012298584,3.9338181018829346,3.9080610275268555,2.56146502494812,2.472943067550659],"N":4,"M":2,"irun":1,"m":16000,"worldstep":0,"final_step":10}