{"n":24000,"nodes":2,"steps":10,"init_fun":"gun","wall_time":[4.213505983352661,4.256433963775635],"N":2,"M":1,"irun":2,"m":24000,"worldstep":0,"final_step":10}