{"n":64000,"nodes":2,"steps":10,"init_fun":"gun","wall_time":[17.13667893409729,16.163889169692993,15.719105005264282,17.069741010665894,16.61298894882202,16.749974012374878,16.227241039276123,16.205242156982422],"N":4,"M":2,"irun":2,"m":64000,"worldstep":0,"final_step":10}