{"n":32000,"nodes":2,"steps":10,"init_fun":"gun","wall_time":[6.9569480419158936,7.017457962036133],"N":2,"M":1,"irun":3,"m":32000,"worldstep":0,"final_step":10}