{"n":16000,"nodes":8,"steps":10,"init_fun":"gun","wall_time":[0.5862679481506348,0.8491771221160889,0.7614338397979736,0.8457410335540771,0.6064119338989258,0.8715550899505615,0.716519832611084,0.7255868911743164,0.8652780055999756,0.8406980037689209,0.8308408260345459,0.8426439762115479,0.819504976272583,0.8824009895324707,0.662222146987915,0.8658900260925293,0.856529951095581,0.8598918914794922,0.8260757923126221,0.6922829151153564,0.6751370429992676,0.8339459896087646,0.8477649688720703,0.6579599380493164,0.8468070030212402,0.39304184913635254,0.8313419818878174,0.8159139156341553,0.7086100578308105,0.6037111282348633,0.5832140445709229,0.7108469009399414],"N":8,"M":4,"irun":3,"m":16000,"worldstep":0,"final_step":10}