{"n":16000,"nodes":2,"steps":10,"init_fun":"gun","wall_time":[2.1521859169006348,2.0645859241485596,1.471513032913208,2.0598320960998535,1.7706689834594727,1.7511639595031738,2.1055829524993896,2.0665769577026367],"N":4,"M":2,"irun":2,"m":16000,"worldstep":0,"final_step":10}