{"n":32000,"nodes":8,"steps":10,"init_fun":"gun","wall_time":[4.358411073684692,4.344080924987793,6.02900505065918,6.046908140182495,5.773276090621948,5.7753541469573975,4.508779048919678,4.495734930038452],"N":4,"M":2,"irun":1,"m":32000,"worldstep":0,"final_step":10}