{"n":50000,"nodes":2,"steps":10,"init_fun":"gun","wall_time":[11.153434038162231,10.39009690284729,10.32227897644043,10.470274925231934,11.074779033660889,11.112082958221436,11.239119052886963,11.244866847991943],"N":4,"M":2,"irun":3,"m":50000,"worldstep":0,"final_step":10}