{"n":64000,"nodes":1,"steps":10,"init_fun":"gun","wall_time":[47.32013201713562,44.54230093955994,42.54589891433716,42.335712909698486,47.068318128585815,45.10767197608948,47.102487087249756,47.13456392288208],"N":4,"M":2,"irun":3,"m":64000,"worldstep":0,"final_step":10}