{"n":64000,"nodes":2,"steps":10,"init_fun":"gun","wall_time":[17.84339690208435,18.7104070186615,18.664827823638916,18.690601110458374,18.176645040512085,18.233606100082397,17.758812189102173,16.71925115585327],"N":4,"M":2,"irun":4,"m":64000,"worldstep":0,"final_step":10}