{"n":16000,"nodes":8,"steps":10,"init_fun":"gun","wall_time":[0.7642519474029541,0.5831539630889893,0.7289471626281738,0.5891909599304199,0.560326099395752,0.7391471862792969,0.5410919189453125,0.5938098430633545,0.5924818515777588,0.5881979465484619,0.5838701725006104,0.5852689743041992,0.7044119834899902,0.71219801902771,0.5492250919342041,0.5726029872894287,0.7392158508300781,0.6023659706115723,0.5984148979187012,0.7082250118255615,0.572504997253418,0.6742138862609863,0.6744339466094971,0.7115259170532227,0.4366929531097412,0.5467960834503174,0.6803760528564453,0.5723390579223633,0.6769721508026123,0.5809979438781738,0.6919839382171631,0.37911105155944824,0.5527679920196533,0.690112829208374,0.5721440315246582,0.6842918395996094,0.6742329597473145,0.2932760715484619,0.5226008892059326,0.6909849643707275,0.6865010261535645,0.6864550113677979,0.560053825378418,0.31998300552368164,0.675468921661377,0.6813721656799316,0.5172460079193115,0.6668040752410889,0.4788239002227783,0.5134220123291016,0.3962719440460205,0.6535730361938477,0.5301921367645264,0.6505379676818848,0.5052001476287842,0.5057680606842041,0.538841962814331,0.6482551097869873,0.4709179401397705,0.6441848278045654,0.5123040676116943,0.6444530487060547,0.6282699108123779,0.4671630859375,0.43519115447998047,0.5162529945373535,0.6256840229034424,0.5023488998413086,0.49763917922973633,0.4750819206237793,0.4927709102630615,0.6226999759674072,0.6236081123352051,0.6218171119689941,0.6212208271026611,0.5084288120269775,0.49011898040771484,0.621290922164917,0.47810792922973633,0.4446709156036377,0.4476048946380615,0.4393179416656494,0.49155187606811523,0.613861083984375,0.5016739368438721,0.40975117683410645,0.6017048358917236,0.4564039707183838,0.48211193084716797,0.6045000553131104,0.49277806282043457,0.5983901023864746,0.5967931747436523,0.6024391651153564,0.4874300956726074,0.5956299304962158,0.41707515716552734,0.43668103218078613,0.5810878276824951,0.5829660892486572,0.4144759178161621,0.47894287109375,0.4470810890197754,0.5780408382415771,0.5792930126190186,0.4489939212799072,0.5733959674835205,0.44919300079345703,0.4304969310760498,0.5746510028839111,0.4091639518737793,0.5602068901062012,0.4148550033569336,0.4222390651702881,0.30931520462036133,0.5527679920196533,0.5525131225585938,0.5334961414337158,0.5346620082855225,0.5343360900878906,0.46026611328125,0.4581751823425293,0.453125,0.567018985748291,0.5727338790893555,0.5441329479217529,0.4301900863647461,0.5376431941986084],"N":8,"M":16,"irun":3,"m":16000,"worldstep":0,"final_step":10}