{"n":24000,"nodes":16,"steps":10,"init_fun":"gun","wall_time":[1.486725091934204,1.3724479675292969,1.3930809497833252,1.3898520469665527,1.4839961528778076,1.3924131393432617,1.4729290008544922,1.392362117767334,1.480565071105957,1.329129934310913,1.47052001953125,1.3302230834960938,1.4058830738067627,1.4102120399475098,1.4637279510498047,1.3095760345458984],"N":4,"M":4,"irun":3,"m":24000,"worldstep":0,"final_step":10}