{"n":32000,"nodes":4,"steps":10,"init_fun":"gun","wall_time":[1.5760340690612793,1.9022669792175293,2.538851022720337,2.4370651245117188,2.2619879245758057,1.8879408836364746,2.2898731231689453,2.1611990928649902,2.548150062561035,2.5609359741210938,2.557502031326294,2.5481040477752686,2.499608039855957,2.4442760944366455,2.4526379108428955,2.0846221446990967,2.483017921447754,2.539971113204956,2.4778029918670654,2.4969050884246826,2.487783908843994,2.4140279293060303,2.446837902069092,1.7144598960876465,2.452558994293213,1.7663929462432861,2.5501861572265625,2.159651041030884,2.0406360626220703,2.1139659881591797,2.0309219360351562,2.103266954421997],"N":8,"M":4,"irun":4,"m":32000,"worldstep":0,"final_step":10}