{"n":32000,"nodes":8,"steps":10,"init_fun":"gun","wall_time":[3.7987170219421387,3.381985902786255,3.585331916809082,3.5933339595794678,3.8061060905456543,3.805241823196411,3.78879714012146,3.7862389087677],"N":4,"M":2,"irun":3,"m":32000,"worldstep":0,"final_step":10}