{"n":24000,"nodes":2,"steps":10,"init_fun":"gun","wall_time":[2.594251871109009,2.5533840656280518,2.4755609035491943,2.230710983276367,2.5596561431884766,2.112762928009033,2.191311836242676,1.8404748439788818,2.17378306388855,2.132261037826538,2.458315849304199,1.9148571491241455,2.508247137069702,2.5507090091705322,2.54689884185791,2.2891428470611572],"N":4,"M":4,"irun":2,"m":24000,"worldstep":0,"final_step":10}