{"n":32000,"nodes":4,"steps":10,"init_fun":"gun","wall_time":[2.895052909851074,3.0864460468292236,3.0075061321258545,2.8017330169677734,3.108841896057129,3.0078299045562744,3.1045260429382324,3.0992679595947266,2.6297590732574463,3.0013089179992676,3.106894016265869,3.1051418781280518,2.8014981746673584,2.7678332328796387,2.715144157409668,2.6316349506378174],"N":4,"M":4,"irun":3,"m":32000,"worldstep":0,"final_step":10}