{"n":16000,"nodes":4,"steps":10,"init_fun":"gun","wall_time":[1.283531904220581,1.1538889408111572,1.1971609592437744,1.3194949626922607,1.2865278720855713,1.1927330493927002,1.3081679344177246,0.9246549606323242,1.2323260307312012,1.2560310363769531,1.3288311958312988,0.8821418285369873,0.8083338737487793,0.8960270881652832,0.7967028617858887,0.9389441013336182],"N":4,"M":4,"irun":4,"m":16000,"worldstep":0,"final_step":10}