{"n":64000,"nodes":8,"steps":10,"init_fun":"gun","wall_time":[11.704743146896362,11.721467018127441,11.852053880691528,11.68854808807373,11.743284940719604,11.85670781135559,10.952966928482056,11.0472731590271],"N":4,"M":2,"irun":4,"m":64000,"worldstep":0,"final_step":10}