{"n":50000,"nodes":1,"steps":10,"init_fun":"gun","wall_time":[11.952567100524902,11.780241966247559,11.230694055557251,11.785094976425171,11.867939949035645,11.912015914916992,11.07170295715332,11.104496955871582],"N":4,"M":2,"irun":2,"m":50000,"worldstep":0,"final_step":10}