{"n":32000,"nodes":4,"steps":10,"init_fun":"gun","wall_time":[3.469658851623535,3.563699960708618,4.210087060928345,4.209460020065308,5.6933088302612305,4.272802114486694,4.993250131607056,5.606328964233398,5.77201509475708,5.1393210887908936,5.86430811882019,5.752615928649902,4.315110921859741,4.276424884796143,4.320263147354126,4.308892011642456],"N":4,"M":4,"irun":1,"m":32000,"worldstep":0,"final_step":10}