{"n":16000,"nodes":2,"steps":10,"init_fun":"gun","wall_time":[2.5450239181518555,2.5377609729766846,2.4469821453094482,2.0934371948242188],"N":2,"M":2,"irun":4,"m":16000,"worldstep":0,"final_step":10}