{"n":64000,"nodes":8,"steps":10,"init_fun":"gun","wall_time":[12.50727105140686,12.546055793762207,10.914623975753784,12.491461038589478,11.816173076629639,11.8490149974823,11.637149095535278,12.71044111251831],"N":4,"M":2,"irun":2,"m":64000,"worldstep":0,"final_step":10}