{"n":16000,"nodes":8,"steps":10,"init_fun":"gun","wall_time":[1.455441951751709,1.198362112045288,1.0568981170654297,1.2694880962371826,1.2489991188049316,1.2663040161132812,1.1362872123718262,0.5096569061279297,0.8474080562591553,0.3473482131958008,0.5472140312194824,1.0554850101470947,1.2796831130981445,1.301002025604248,1.1593520641326904,0.28205013275146484,1.2280030250549316,1.2664730548858643,0.5694348812103271,1.2161211967468262,0.9487669467926025,0.7609250545501709,1.3218748569488525,0.657844066619873,1.0740270614624023,1.1490788459777832,1.0913898944854736,0.8674700260162354,1.20033597946167,0.8076059818267822,1.2129700183868408,0.715843915939331,1.1540541648864746,1.3871939182281494,1.356571912765503,1.018075942993164,1.221904993057251,0.976531982421875,1.220541000366211,1.1690828800201416,0.8373990058898926,1.4107370376586914,1.156709909439087,0.7251410484313965,1.2558619976043701,0.8106939792633057,0.6529109477996826,0.9752788543701172,1.2184910774230957,1.173105001449585,1.1949801445007324,0.46286702156066895,1.2821650505065918,0.6030831336975098,1.1384539604187012,1.2648508548736572,0.8003518581390381,0.6314499378204346,0.7507259845733643,0.8023159503936768,0.884814977645874,0.8301191329956055,0.867542028427124,0.8605780601501465],"N":8,"M":8,"irun":3,"m":16000,"worldstep":0,"final_step":10}