{"n":32000,"nodes":4,"steps":10,"init_fun":"gun","wall_time":[2.653474807739258,2.560581922531128,2.6381280422210693,2.6382498741149902,4.4546730518341064,4.383524179458618,4.347951889038086,4.360347032546997,4.234007120132446,4.201889991760254,4.201365947723389,4.218377113342285,4.121854066848755,4.229948997497559,4.044080018997192,2.702625036239624,3.3863019943237305,3.4415321350097656,3.2638819217681885,3.5050668716430664,4.186978101730347,4.138622045516968,4.216904878616333,4.178095817565918,4.0571510791778564,4.033042907714844,4.151320934295654,4.0826520919799805,2.6093389987945557,2.6828811168670654,2.7187318801879883,3.0321340560913086],"N":8,"M":4,"irun":1,"m":32000,"worldstep":0,"final_step":10}