{"n":50000,"nodes":8,"steps":10,"init_fun":"gun","wall_time":[6.082159996032715,6.02659797668457,6.391124963760376,5.945139169692993,6.814931869506836,5.963141918182373,7.092796802520752,5.965034008026123,6.9633660316467285,7.645155906677246,7.15208101272583,7.865932941436768,6.564025163650513,6.564096927642822,6.696940898895264,6.723884105682373],"N":4,"M":4,"irun":1,"m":50000,"worldstep":0,"final_step":10}