{"n":64000,"nodes":2,"steps":10,"init_fun":"gun","wall_time":[26.4117910861969,26.338479042053223],"N":2,"M":1,"irun":4,"m":64000,"worldstep":0,"final_step":10}