{"n":24000,"nodes":2,"steps":10,"init_fun":"gun","wall_time":[4.010203838348389,3.9364168643951416],"N":2,"M":1,"irun":4,"m":24000,"worldstep":0,"final_step":10}