{"n":32000,"nodes":2,"steps":10,"init_fun":"gun","wall_time":[5.7802088260650635,5.825629949569702,5.760738849639893,5.712770938873291,4.692546844482422,5.7723228931427,5.129873037338257,5.27245306968689],"N":4,"M":2,"irun":4,"m":32000,"worldstep":0,"final_step":10}