{"n":16000,"nodes":4,"steps":10,"init_fun":"gun","wall_time":[0.8450620174407959,0.7792489528656006,0.7836380004882812,0.7819550037384033,0.8480489253997803,0.7814030647277832,0.822138786315918,0.777508020401001,0.8368089199066162,0.7641110420227051,0.8297898769378662,0.752098798751831,0.7993500232696533,0.8039710521697998,0.8213810920715332,0.7418100833892822],"N":4,"M":4,"irun":3,"m":16000,"worldstep":0,"final_step":10}