{"n":32000,"nodes":4,"steps":10,"init_fun":"gun","wall_time":[1.9411048889160156,1.9413549900054932,1.9400639533996582,1.9294400215148926,1.936290979385376,1.8482279777526855,1.9370088577270508,1.8120710849761963,1.785395860671997,1.939985990524292,1.92283296585083,1.9352059364318848,1.9198448657989502,1.905796766281128,1.933880090713501,1.8963878154754639,1.931915044784546,1.938826084136963,1.9290850162506104,1.9266548156738281,1.9329299926757812,1.6944611072540283,1.8395190238952637,1.924880027770996,1.8861620426177979,1.9174048900604248,1.909440040588379,1.6587159633636475,1.7703239917755127,1.5807240009307861,1.7655320167541504,1.8538258075714111],"N":8,"M":4,"irun":3,"m":32000,"worldstep":0,"final_step":10}