{"n":64000,"nodes":2,"steps":10,"init_fun":"gun","wall_time":[24.908453941345215,23.61091685295105,23.68731999397278,24.937817096710205],"N":2,"M":2,"irun":2,"m":64000,"worldstep":0,"final_step":10}