{"n":24000,"nodes":4,"steps":10,"init_fun":"gun","wall_time":[2.314546823501587,2.27321195602417,1.9886839389801025,2.2746081352233887,1.9587960243225098,2.3137099742889404,1.9264659881591797,2.260848045349121,1.5670270919799805,2.2568531036376953,1.5687589645385742,2.2987887859344482,1.8801729679107666,2.0151689052581787,1.8926970958709717,2.004188060760498],"N":4,"M":4,"irun":2,"m":24000,"worldstep":0,"final_step":10}