{"n":16000,"nodes":2,"steps":10,"init_fun":"gun","wall_time":[2.3112149238586426,2.1861979961395264,2.2692668437957764,2.256211042404175],"N":2,"M":2,"irun":3,"m":16000,"worldstep":0,"final_step":10}