{"n":32000,"nodes":8,"steps":10,"init_fun":"gun","wall_time":[1.1088800430297852,1.1146929264068604,1.098444938659668,1.099494218826294,1.1096959114074707,1.1099328994750977,1.101431131362915,1.0702040195465088,0.9959099292755127,0.9929749965667725,1.0140080451965332,1.0113232135772705,1.0065889358520508,0.9794480800628662,0.9827940464019775,0.9508178234100342,1.0813629627227783,1.0675461292266846,1.0576050281524658,1.0599470138549805,1.0707061290740967,1.075636863708496,1.055873155593872,1.02781081199646,0.9908618927001953,0.9474031925201416,0.8775720596313477,0.9114048480987549,0.8936519622802734,1.007200002670288,0.9608027935028076,0.9374079704284668,1.0948479175567627,1.090256929397583,1.0834441184997559,0.9665489196777344,1.0875871181488037,1.0836379528045654,1.0593681335449219,1.0323460102081299,1.0114660263061523,0.9853761196136475,1.0126168727874756,0.9510600566864014,0.9899849891662598,0.9755570888519287,0.9648959636688232,0.9014348983764648,1.0589001178741455,1.0613038539886475,1.074308156967163,1.0677299499511719,0.9368069171905518,1.0300970077514648,0.9532079696655273,0.947829008102417,1.0175881385803223,1.019157886505127,0.9688589572906494,1.011768102645874,0.8985660076141357,1.0443949699401855,1.018240213394165,0.9847087860107422],"N":8,"M":8,"irun":3,"m":32000,"worldstep":0,"final_step":10}