{"n":24000,"nodes":2,"steps":10,"init_fun":"gun","wall_time":[1.683633804321289,1.841264009475708,1.869696855545044,1.6559958457946777,1.6767058372497559,1.8600819110870361,1.8705508708953857,1.7595229148864746,1.8626830577850342,1.8616201877593994,1.599985122680664,1.8711271286010742,1.7652931213378906,1.7654519081115723,1.7684741020202637,1.760511875152588],"N":4,"M":4,"irun":3,"m":24000,"worldstep":0,"final_step":10}