{"n":50000,"nodes":4,"steps":10,"init_fun":"gun","wall_time":[9.886395931243896,9.82901382446289,8.59909200668335,9.844994068145752,9.32053804397583,9.225521802902222,9.913368225097656,9.956607103347778],"N":4,"M":2,"irun":2,"m":50000,"worldstep":0,"final_step":10}