{"n":32000,"nodes":2,"steps":10,"init_fun":"gun","wall_time":[8.044734954833984,8.086562871932983,8.466236114501953,9.301687955856323],"N":2,"M":2,"irun":1,"m":32000,"worldstep":0,"final_step":10}