{"n":50000,"nodes":2,"steps":10,"init_fun":"gun","wall_time":[7.376100063323975,7.359109878540039,7.3581860065460205,7.3675620555877686,7.155911922454834,7.3943030834198,7.278500080108643,7.3680970668792725,7.377508878707886,7.411016941070557,7.3471839427948,6.756711006164551,7.135917901992798,7.136023044586182,7.0769569873809814,7.106806039810181],"N":4,"M":4,"irun":3,"m":50000,"worldstep":0,"final_step":10}