{"n":50000,"nodes":8,"steps":10,"init_fun":"gun","wall_time":[5.861604928970337,5.853259086608887,5.8557469844818115,5.828042984008789,5.870131015777588,5.85153603553772,5.854362964630127,5.853400945663452,5.6260151863098145,5.6029372215271,5.775277137756348,5.593165874481201,5.855276107788086,5.586845874786377,5.558520078659058,5.58794093132019],"N":4,"M":4,"irun":3,"m":50000,"worldstep":0,"final_step":10}