{"n":16000,"nodes":8,"steps":10,"init_fun":"gun","wall_time":[1.6489570140838623,1.3427932262420654,1.2180960178375244,1.7826709747314453,1.3475470542907715,1.1360630989074707,1.6330268383026123,1.7176599502563477,1.823051929473877,1.8001279830932617,1.7000558376312256,1.679452896118164,1.3469488620758057,1.3651769161224365,1.3450579643249512,1.6864290237426758,3.1459920406341553,2.8298280239105225,1.799105167388916,1.805893898010254,2.9246349334716797,2.9247779846191406,1.7318270206451416,2.4125540256500244,3.4365339279174805,2.9518439769744873,3.0968878269195557,3.0787320137023926,3.220858097076416,1.8387689590454102,3.02746319770813,3.592463970184326,3.528386116027832,2.4529027938842773,3.3273489475250244,2.9166901111602783,3.038463830947876,3.4586241245269775,3.458538770675659,2.905941963195801,2.7951791286468506,2.833770990371704,3.4753708839416504,2.877861976623535,2.9006571769714355,2.9199299812316895,3.4920690059661865,3.54095196723938,3.3875949382781982,3.393449068069458,2.7996389865875244,2.803802967071533,3.490633964538574,2.7490460872650146,3.344665050506592,2.8777220249176025,3.534122943878174,3.436357021331787,3.4028730392456055,3.4335970878601074,3.4881930351257324,3.4899520874023438,3.4903531074523926,3.4559099674224854,2.740010976791382,2.8035600185394287,3.3741350173950195,3.3025121688842773,3.2855629920959473,3.263284921646118,3.2555770874023438,2.414886951446533,3.4782321453094482,3.457314968109131,3.385638952255249,3.3862428665161133,3.394443988800049,3.436163902282715,3.417263984680176,3.434140920639038,2.4646871089935303,3.400723934173584,3.3335869312286377,2.8167288303375244,2.8048551082611084,2.668720006942749,3.0164759159088135,2.94258713722229,2.8085520267486572,2.810708999633789,3.3978211879730225,3.3813419342041016,3.398163080215454,2.9591150283813477,2.910243034362793,2.7829909324645996,2.8802900314331055,2.9569091796875,2.96990704536438,3.3467161655426025,3.3263587951660156,3.2753968238830566,3.102881908416748,3.4834799766540527,3.4449939727783203,3.3796398639678955,3.395772933959961,3.385578155517578,3.372284173965454,3.0859391689300537,3.456382989883423,3.4265811443328857,3.413444995880127,3.366774082183838,1.76078200340271,1.813208818435669,1.704289197921753,1.8641128540039062,1.9529800415039062,2.029258966445923,1.970149040222168,1.9388508796691895,1.9435069561004639,2.0301029682159424,1.8366661071777344,1.8048369884490967,1.8085360527038574,1.8734228610992432],"N":8,"M":16,"irun":1,"m":16000,"worldstep":0,"final_step":10}