{"n":64000,"nodes":2,"steps":10,"init_fun":"gun","wall_time":[26.331815004348755,26.323017120361328],"N":2,"M":1,"irun":2,"m":64000,"worldstep":0,"final_step":10}