{"n":50000,"nodes":1,"steps":10,"init_fun":"gun","wall_time":[12.162890911102295,11.365218162536621,11.453277111053467,11.325204133987427,12.117458820343018,12.312191009521484,12.200659036636353,12.262084007263184],"N":4,"M":2,"irun":3,"m":50000,"worldstep":0,"final_step":10}