{"n":50000,"nodes":2,"steps":10,"init_fun":"gun","wall_time":[8.24881100654602,7.6779608726501465,7.754219055175781,7.852548122406006,9.714238166809082,7.826100826263428,8.563682079315186,9.661301136016846,9.63717794418335,9.628671884536743,9.663166999816895,9.626209020614624,8.296208143234253,8.327547073364258,8.211146831512451,8.444962978363037],"N":4,"M":4,"irun":1,"m":50000,"worldstep":0,"final_step":10}