{"n":32000,"nodes":8,"steps":10,"init_fun":"gun","wall_time":[1.8233850002288818,1.7711868286132812,1.8176078796386719,1.7466559410095215,1.744239091873169,1.735576868057251,1.815026044845581,1.8155131340026855,1.4508399963378906,1.7127549648284912,1.775305986404419,1.8147480487823486,1.5260379314422607,1.1668469905853271,1.6700868606567383,1.8101520538330078,1.3437628746032715,1.79351806640625,1.7193799018859863,1.1435108184814453,1.4336729049682617,1.832779884338379,1.4772849082946777,1.7761578559875488,1.4356579780578613,1.785794973373413,1.72285795211792,1.7748439311981201,1.0445351600646973,1.819040060043335,1.3174169063568115,1.6861097812652588,1.8139979839324951,1.8077030181884766,1.7488820552825928,1.524034023284912,1.5943422317504883,1.3075690269470215,1.2782008647918701,1.4047961235046387,1.7955899238586426,1.752208948135376,1.7785108089447021,1.382194995880127,1.811203956604004,1.382277011871338,1.6502189636230469,1.361631155014038,1.7683911323547363,1.7250781059265137,1.75496506690979,1.027359962463379,1.7444651126861572,1.0884838104248047,1.7959918975830078,1.72074294090271,1.499673843383789,1.1640241146087646,1.478403091430664,1.455397129058838,1.3946549892425537,1.402461051940918,0.9510109424591064,1.1905629634857178],"N":8,"M":8,"irun":2,"m":32000,"worldstep":0,"final_step":10}