{"n":32000,"nodes":1,"steps":10,"init_fun":"gun","wall_time":[6.263153076171875,6.25619101524353,6.013939142227173,5.9568610191345215,6.242471933364868,6.241707801818848,6.253926992416382,6.156847953796387],"N":4,"M":2,"irun":3,"m":32000,"worldstep":0,"final_step":10}