{"n":32000,"nodes":1,"steps":10,"init_fun":"gun","wall_time":[6.49810004234314,6.384083986282349,6.5203399658203125,5.83928108215332,5.925748109817505,6.449153900146484,5.892452955245972,5.815645933151245],"N":4,"M":2,"irun":4,"m":32000,"worldstep":0,"final_step":10}