{"n":32000,"nodes":2,"steps":10,"init_fun":"gun","wall_time":[7.691498041152954,7.193536043167114,7.71407413482666,7.722170114517212],"N":2,"M":2,"irun":3,"m":32000,"worldstep":0,"final_step":10}