{"n":50000,"nodes":16,"steps":10,"init_fun":"gun","wall_time":[5.619991064071655,5.749596834182739,5.706342935562134,5.7684361934661865,6.470186948776245,7.556595802307129,7.460423946380615,6.683657884597778,7.4741880893707275,7.345862150192261,7.404499053955078,7.420461893081665,6.001760005950928,7.3665971755981445,6.0607171058654785,6.243935823440552],"N":4,"M":4,"irun":1,"m":50000,"worldstep":0,"final_step":10}