{"n":24000,"nodes":16,"steps":10,"init_fun":"gun","wall_time":[1.6195909976959229,1.6374070644378662,1.5986311435699463,1.9005768299102783,1.6221239566802979,1.3739230632781982,1.9019989967346191,1.9049458503723145,1.9087560176849365,1.324202060699463,1.6272649765014648,1.6060550212860107,1.8919081687927246,1.6233949661254883,1.9255690574645996,1.2925441265106201],"N":4,"M":4,"irun":2,"m":24000,"worldstep":0,"final_step":10}