{"n":16000,"nodes":2,"steps":10,"init_fun":"gun","wall_time":[2.239642858505249,2.204118013381958],"N":2,"M":1,"irun":2,"m":16000,"worldstep":0,"final_step":10}