{"n":24000,"nodes":8,"steps":10,"init_fun":"gun","wall_time":[2.018968105316162,2.0122439861297607,1.8879539966583252,1.914829969406128,2.0631890296936035,1.9554369449615479,2.0355031490325928,1.9866361618041992,1.9855320453643799,2.051241874694824,2.0533809661865234,2.032463788986206,1.5592210292816162,1.6047508716583252,1.5416228771209717,1.6214900016784668],"N":4,"M":4,"irun":4,"m":24000,"worldstep":0,"final_step":10}