{"n":32000,"nodes":1,"steps":10,"init_fun":"gun","wall_time":[7.2409350872039795,7.278898000717163],"N":2,"M":1,"irun":2,"m":32000,"worldstep":0,"final_step":10}