{"n":64000,"nodes":8,"steps":10,"init_fun":"gun","wall_time":[4.018034934997559,4.020642995834351,3.8156919479370117,4.047752141952515,4.031497001647949,3.8361551761627197,4.040923118591309,4.026248216629028,4.035455942153931,4.024695873260498,3.9235689640045166,3.9203579425811768,3.8128530979156494,3.8691599369049072,3.868821144104004,3.7268929481506348,3.985701084136963,4.019556045532227,4.02554988861084,4.029320001602173,4.027462959289551,4.018226861953735,4.017944812774658,3.547790050506592,3.655521869659424,3.6251559257507324,3.6701860427856445,3.7272911071777344,3.6799418926239014,3.6385409832000732,3.5788679122924805,3.288778066635132,3.992863893508911,3.8099191188812256,4.010005950927734,4.0113019943237305,4.009140968322754,3.9863288402557373,3.5751290321350098,3.8911261558532715,3.777005195617676,3.793519973754883,3.788224935531616,3.688041925430298,3.728347063064575,3.644113063812256,3.6100330352783203,3.779632091522217,3.905919075012207,3.9343907833099365,3.936235189437866,3.544571876525879,3.9058001041412354,3.8254709243774414,3.9085569381713867,3.6269569396972656,3.77449107170105,3.6354868412017822,3.7564048767089844,3.6149399280548096,3.865633964538574,3.636132001876831,3.898874044418335,3.658478021621704],"N":8,"M":8,"irun":3,"m":64000,"worldstep":0,"final_step":10}