{"n":16000,"nodes":8,"steps":10,"init_fun":"gun","wall_time":[0.9410500526428223,0.8747129440307617,0.9743521213531494,0.9085531234741211,0.9435508251190186,0.949627161026001,0.7956838607788086,0.8870270252227783,0.9758079051971436,0.9073789119720459,0.7351469993591309,0.6817100048065186,0.654975175857544,0.9255781173706055,0.6633610725402832,0.961094856262207,0.5210340023040771,0.540489912033081,0.4162900447845459,0.4525480270385742,0.8127579689025879,0.9756131172180176,0.9318737983703613,0.7972569465637207,0.9442181587219238,0.813115119934082,0.9361460208892822,0.9037339687347412,0.6272008419036865,0.5111110210418701,0.6337242126464844,0.5916268825531006],"N":8,"M":4,"irun":2,"m":16000,"worldstep":0,"final_step":10}