{"n":32000,"nodes":4,"steps":10,"init_fun":"gun","wall_time":[4.578258037567139,4.5692431926727295,4.342170000076294,4.36614203453064,4.561990022659302,4.580080032348633,4.574131011962891,4.329340934753418],"N":4,"M":2,"irun":3,"m":32000,"worldstep":0,"final_step":10}