{"n":50000,"nodes":4,"steps":10,"init_fun":"gun","wall_time":[6.71314811706543,6.62655782699585,7.507250785827637,6.559719800949097,7.876093864440918,7.463953018188477,7.430584907531738,8.939763069152832,8.884042024612427,8.89375901222229,8.229176044464111,9.021790981292725,7.357635974884033,7.722028970718384,7.697862148284912,7.3904218673706055],"N":4,"M":4,"irun":1,"m":50000,"worldstep":0,"final_step":10}