{"n":32000,"nodes":2,"steps":10,"init_fun":"gun","wall_time":[7.6588709354400635,7.753767013549805],"N":2,"M":1,"irun":1,"m":32000,"worldstep":0,"final_step":10}