{"n":64000,"nodes":8,"steps":10,"init_fun":"gun","wall_time":[6.178863048553467,6.551254034042358,6.497870922088623,5.6599249839782715,6.1259520053863525,6.514827013015747,6.45150899887085,6.535467863082886,6.508023023605347,5.760747909545898,5.7396910190582275,5.790439128875732,6.162087917327881,5.404215097427368,6.1805009841918945,6.39044189453125,5.981155157089233,5.530869007110596,6.0347959995269775,6.066725969314575,6.535704135894775,6.550856828689575,6.4266440868377686,6.451750993728638,6.402678966522217,6.381572961807251,6.451587915420532,6.462300062179565,6.147997140884399,6.108154058456421,6.057503938674927,6.535807847976685],"N":8,"M":4,"irun":2,"m":64000,"worldstep":0,"final_step":10}