{"n":64000,"nodes":8,"steps":10,"init_fun":"gun","wall_time":[12.699282884597778,12.599301099777222,12.374212980270386,12.476246118545532,13.671027183532715,13.650860071182251,12.633748054504395,12.573323011398315],"N":4,"M":2,"irun":1,"m":64000,"worldstep":0,"final_step":10}