{"n":32000,"nodes":2,"steps":10,"init_fun":"gun","wall_time":[7.1823410987854,7.611546993255615,7.6315929889678955,7.160330057144165],"N":2,"M":2,"irun":4,"m":32000,"worldstep":0,"final_step":10}