{"n":16000,"nodes":2,"steps":10,"init_fun":"gun","wall_time":[2.883086919784546,2.867870807647705],"N":2,"M":1,"irun":1,"m":16000,"worldstep":0,"final_step":10}