{"n":50000,"nodes":16,"steps":10,"init_fun":"gun","wall_time":[5.037230968475342,5.7064738273620605,5.741981029510498,5.202479839324951,5.6227240562438965,5.920857191085815,5.925464153289795,5.927159070968628,5.923074960708618,5.9261088371276855,5.91937780380249,5.920910120010376,5.4548070430755615,5.458520889282227,5.451817989349365,5.484256982803345],"N":4,"M":4,"irun":3,"m":50000,"worldstep":0,"final_step":10}