{"n":16000,"nodes":8,"steps":10,"init_fun":"gun","wall_time":[0.5807409286499023,0.5184159278869629,0.498060941696167,0.4838569164276123,0.46852803230285645,0.2741889953613281,0.43106794357299805,0.5081210136413574,0.3926980495452881,0.4500429630279541,0.33511996269226074,0.5444729328155518,0.3614060878753662,0.333698034286499,0.3388519287109375,0.34850001335144043,0.4974629878997803,0.497448205947876,0.4705679416656494,0.4426240921020508,0.4972221851348877,0.43108510971069336,0.3676629066467285,0.45587897300720215,0.44896602630615234,0.463270902633667,0.393204927444458,0.44579195976257324,0.3955528736114502,0.5200560092926025,0.38007402420043945,0.4234600067138672,0.4914369583129883,0.5683460235595703,0.49252796173095703,0.5103161334991455,0.3877739906311035,0.4508249759674072,0.34687113761901855,0.47557902336120605,0.442673921585083,0.3555738925933838,0.2753109931945801,0.2775149345397949,0.2999300956726074,0.47992897033691406,0.28890299797058105,0.5137381553649902,0.4512791633605957,0.5085771083831787,0.3761758804321289,0.41110992431640625,0.38640713691711426,0.45264697074890137,0.3955540657043457,0.3883059024810791,0.4043259620666504,0.27536702156066895,0.29004597663879395,0.41850709915161133,0.39293909072875977,0.2731039524078369,0.449923038482666,0.44736599922180176],"N":8,"M":8,"irun":2,"m":16000,"worldstep":0,"final_step":10}