{"n":50000,"nodes":2,"steps":10,"init_fun":"gun","wall_time":[7.560513019561768,6.546422958374023,7.516801118850708,7.510205030441284,7.09867000579834,7.016219139099121,6.994729995727539,6.874006986618042,7.521640062332153,6.661992073059082,7.450896978378296,7.066204071044922,7.550173044204712,7.089184999465942,7.447471857070923,7.546558141708374],"N":4,"M":4,"irun":2,"m":50000,"worldstep":0,"final_step":10}